Pressure PSI;Flow GPM;Velocity FPS;Temperature F;Pipe Age Years;Pipe Material;Soil Corrosivity;Leak Class
58,7;85,2;3,6;75;7;Steel;Medium;1
62,0;106,7;3,7;82;20;PVC;Low;0
63,4;108,4;3,9;62;29;PVC;Medium;1
54,0;112,4;4,3;74;15;HDPE;Low;0
66,6;115,3;4,6;53;11;HDPE;Low;0
62,9;107,8;3,9;68;8;HDPE;High;0
62,0;134,5;5,1;67;29;PVC;Medium;1
62,4;110,3;4,0;79;21;Cast Iron;Low;0
70,3;108,3;3,3;68;7;PVC;Low;0
66,8;118,7;4,4;72;26;PVC;Low;0
48,1;125,7;4,3;65;19;Cast Iron;Low;1
61,6;139,9;5,6;50;23;Cast Iron;Low;0
58,1;103,5;4,2;61;11;Cast Iron;Low;0
55,5;124,7;4,4;73;11;Steel;Medium;1
65,0;103,6;3,5;83;24;Steel;Medium;0
61,7;124,6;4,4;57;21;HDPE;Medium;1
72,2;117,9;4,5;67;4;PVC;Medium;0
63,8;105,0;4,0;54;8;HDPE;Low;0
52,1;108,8;5,1;75;24;HDPE;High;1
79,0;88,0;3,2;79;3;PVC;High;0
60,9;126,0;4,7;62;22;Steel;High;1
59,4;100,0;4,3;68;21;HDPE;High;1
54,4;130,3;4,9;78;2;PVC;High;1
66,8;93,8;3,1;52;24;PVC;Medium;0
57,5;109,6;4,2;75;12;Steel;Low;1
52,1;96,5;3,8;61;6;PVC;Medium;1
58,9;110,6;4,0;51;2;Cast Iron;Medium;0
56,9;119,8;4,7;60;28;HDPE;Medium;1
49,4;128,9;5,0;77;21;HDPE;Medium;1
65,1;91,5;3,3;67;1;HDPE;Low;0
60,3;100,5;4,2;62;12;Steel;Low;0
67,8;116,8;4,1;71;26;PVC;High;0
57,5;125,5;4,8;61;22;Steel;Medium;1
64,4;80,7;2,8;51;29;HDPE;Medium;0
66,4;112,4;3,7;56;12;PVC;Low;0
62,2;98,8;3,8;75;25;Cast Iron;Low;0
62,6;106,9;4,5;75;17;Steel;High;1
61,3;109,9;4,1;73;27;Steel;Medium;1
63,0;129,5;4,3;61;27;Cast Iron;Medium;0
57,3;106,3;4,0;65;10;Cast Iron;Medium;1
64,7;98,2;3,4;72;28;Steel;Medium;1
62,1;123,3;4,9;58;28;Steel;Low;0
67,4;113,1;4,1;81;16;Steel;Medium;0
49,8;132,4;4,4;64;15;Steel;Low;1
60,9;101,4;3,9;62;15;HDPE;Low;0
70,2;123,4;4,6;54;19;Steel;Medium;0
72,4;107,1;3,9;60;12;PVC;High;0
60,9;117,9;4,1;59;23;Cast Iron;Low;0
58,8;137,5;5,6;62;20;Cast Iron;High;1
62,1;106,1;3,8;64;25;PVC;Low;0
61,2;127,3;5,0;56;3;Steel;Low;0
68,2;108,5;3,9;77;5;PVC;Low;0
65,4;105,5;4,1;81;19;PVC;Low;0
71,6;86,9;3,2;84;7;Steel;Medium;0
70,1;108,3;4,0;64;21;PVC;Low;0
58,3;100,8;3,5;70;9;Steel;Medium;0
55,5;133,0;5,1;55;7;Steel;High;1
64,8;130,9;5,3;50;18;HDPE;Low;0
60,9;105,3;3,6;53;4;PVC;Medium;0
60,2;102,9;3,6;60;25;PVC;Low;0
57,2;106,7;4,8;75;28;HDPE;Medium;1
64,5;118,4;4,1;72;14;Cast Iron;Low;0
67,9;100,0;3,5;78;18;HDPE;Low;0
63,2;103,5;4,2;70;26;PVC;Low;0
61,3;133,1;5,4;76;9;HDPE;Low;0
55,7;111,1;3,4;62;26;HDPE;Low;1
65,1;121,5;4,7;72;21;Steel;Medium;1
60,7;124,6;4,6;65;2;PVC;High;1
61,0;94,8;3,5;79;20;Steel;High;1
63,8;83,8;3,5;53;28;HDPE;Medium;0
61,1;112,9;4,1;65;15;Cast Iron;Low;0
60,8;126,1;4,5;80;28;PVC;Low;0
67,3;106,4;3,8;74;7;HDPE;Low;0
61,7;132,1;4,8;61;12;Cast Iron;Low;1
54,2;103,5;3,9;75;29;PVC;Medium;1
44,9;141,6;5,6;82;8;Cast Iron;Medium;1
57,0;126,5;4,8;77;15;Steel;Low;1
64,4;100,5;3,7;58;3;PVC;Low;0
58,2;116,2;4,5;61;14;PVC;High;1
66,5;90,3;3,6;54;17;Steel;Medium;0
67,8;117,6;4,5;77;4;PVC;Low;0
65,6;103,4;3,6;84;18;HDPE;High;0
70,3;92,1;3,5;54;8;PVC;High;0
65,1;116,8;3,7;83;4;HDPE;Low;0
58,9;85,4;3,6;83;2;PVC;Low;0
68,0;114,4;4,7;62;6;Cast Iron;Medium;0
63,7;104,0;4,1;63;22;Cast Iron;High;1
62,4;99,6;4,1;60;10;Cast Iron;High;0
67,7;113,9;4,2;53;4;Steel;Low;0
65,9;108,3;3,8;82;22;PVC;Low;0
65,9;127,4;4,3;56;29;Steel;Medium;0
57,5;100,0;4,0;57;18;PVC;Medium;1
61,8;129,6;4,6;59;26;PVC;Low;0
61,9;98,0;3,5;64;12;PVC;High;1
63,2;124,6;4,7;64;2;HDPE;Medium;0
59,4;129,1;4,8;54;10;Steel;High;1
58,2;123,8;4,7;78;4;Steel;High;1
60,1;102,7;3,3;68;14;HDPE;Medium;0
74,6;89,0;3,2;59;16;PVC;Low;0
54,2;89,6;3,6;61;15;Cast Iron;Medium;1
67,8;131,2;4,7;53;8;HDPE;Low;0
68,1;95,9;3,3;80;14;HDPE;Medium;0
56,0;104,9;4,2;67;23;PVC;Low;1
51,8;100,3;3,6;65;28;Steel;Medium;1
52,7;124,5;4,7;74;25;Steel;Low;0
59,5;109,5;4,0;72;8;PVC;Low;0
63,2;89,1;3,3;61;21;PVC;Low;1
44,0;139,4;5,6;83;16;Steel;Low;1
65,7;116,8;4,5;52;13;Steel;Medium;0
64,1;127,4;4,4;58;18;PVC;Medium;0
69,9;121,2;4,4;67;15;Cast Iron;Medium;0
55,9;84,3;3,0;84;21;PVC;Low;1
67,2;123,2;4,6;83;24;HDPE;Low;0
72,9;126,1;4,9;63;26;Cast Iron;Low;0
51,3;116,9;4,3;53;25;HDPE;Low;1
63,4;103,8;3,8;78;28;HDPE;High;0
67,7;115,6;3,6;64;28;HDPE;Low;0
54,7;111,0;4,5;77;28;PVC;Low;1
62,8;110,2;4,0;65;13;Cast Iron;Low;0
69,6;123,8;4,7;61;9;HDPE;Low;0
67,0;116,2;4,4;54;29;Cast Iron;Medium;0
59,2;104,3;3,6;83;15;PVC;Medium;0
56,6;129,3;4,7;50;13;PVC;Low;1
63,5;119,5;4,2;81;1;PVC;Low;0
56,2;112,7;4,6;75;25;Steel;Low;0
59,6;105,8;3,3;66;7;HDPE;Low;1
60,5;112,3;3,9;76;9;Cast Iron;Low;0
61,4;108,0;3,9;73;24;HDPE;High;1
63,6;82,8;3,5;84;1;Cast Iron;Medium;0
65,5;106,9;4,2;75;12;PVC;Medium;0
70,3;108,7;3,5;72;8;Cast Iron;Low;0
56,0;111,5;4,1;71;24;Steel;Low;0
54,8;144,7;5,6;53;11;Steel;Medium;1
59,2;103,7;4,5;58;19;Steel;Medium;1
65,8;106,9;3,9;53;17;Steel;Medium;1
66,8;116,5;4,0;56;8;HDPE;Low;0
63,4;97,7;3,7;72;3;PVC;Medium;0
65,9;113,4;4,2;51;3;PVC;Low;0
66,5;103,2;4,0;73;1;Cast Iron;High;0
64,3;106,3;4,1;80;27;HDPE;Medium;0
69,6;119,9;4,5;80;5;Steel;Medium;0
69,6;105,8;4,1;83;10;HDPE;Low;0
61,0;120,0;4,9;73;7;PVC;Medium;0
62,9;93,3;3,4;75;26;PVC;Low;1
65,7;95,3;3,2;65;9;Steel;Low;0
73,0;92,7;3,5;62;28;HDPE;Low;0
64,1;100,9;3,4;64;7;PVC;Medium;0
66,1;130,8;4,5;76;9;HDPE;Low;0
55,3;127,9;4,5;53;8;PVC;Low;1
64,1;97,1;3,2;65;12;HDPE;High;0
64,0;117,1;4,7;79;2;PVC;Low;0
63,3;123,9;4,6;79;1;Steel;Medium;0
56,3;105,2;4,1;52;16;PVC;Low;1
53,1;142,4;5,4;71;23;HDPE;Low;0
60,4;111,0;4,0;71;23;PVC;Medium;0
70,7;112,5;4,5;61;24;PVC;Low;0
65,4;116,5;4,2;70;5;HDPE;Medium;0
61,8;114,9;4,2;53;3;HDPE;Medium;0
54,4;114,9;4,0;80;12;HDPE;Medium;1
68,2;139,0;5,6;80;8;PVC;Medium;1
58,8;112,7;4,1;72;22;Steel;Low;1
55,2;126,4;4,9;69;27;Cast Iron;Low;1
62,9;107,8;3,8;64;3;Steel;Medium;0
62,0;103,5;4,1;72;1;PVC;Medium;0
62,0;123,7;4,8;77;3;HDPE;High;0
62,1;118,6;3,9;65;5;PVC;High;1
59,0;116,0;4,3;70;15;PVC;High;1
56,4;118,7;4,4;64;14;Cast Iron;Medium;1
66,7;140,8;5,1;66;3;PVC;Low;0
66,2;132,8;5,3;62;1;HDPE;Medium;0
48,9;141,8;4,9;68;5;HDPE;Medium;1
63,0;150,5;5,4;79;26;Steel;Low;0
69,6;97,9;3,4;67;23;HDPE;High;0
57,1;128,2;5,1;63;14;PVC;High;1
67,1;109,1;3,7;69;7;PVC;Medium;0
67,8;81,9;2,5;68;27;HDPE;Low;0
65,5;120,8;4,6;56;9;PVC;Low;0
69,2;100,9;3,7;53;15;HDPE;High;0
55,9;148,8;5,8;83;15;PVC;High;1
58,0;108,0;4,2;51;26;PVC;Low;0
64,2;105,7;3,9;54;10;HDPE;Low;0
68,1;138,2;4,7;59;28;PVC;High;1
65,5;112,0;3,8;81;13;HDPE;Low;0
65,4;120,2;3,9;62;19;Steel;Medium;0
52,4;134,4;4,9;54;7;Steel;High;1
62,2;123,0;4,4;59;17;PVC;Low;1
57,4;118,4;4,3;59;20;PVC;Medium;1
62,0;122,3;4,6;76;29;PVC;Low;1
65,8;109,0;4,6;70;4;HDPE;Low;0
58,4;103,5;4,0;57;5;Steel;High;1
59,9;118,9;4,4;50;23;PVC;Low;1
64,3;132,7;4,4;77;7;Cast Iron;High;0
63,8;114,7;4,3;63;13;PVC;Medium;0
69,5;118,7;4,7;70;15;HDPE;Low;0
60,4;109,9;4,2;79;11;Steel;Low;0
54,0;87,7;2,9;70;29;Cast Iron;Low;1
66,8;93,1;3,3;58;4;Steel;Low;0
66,3;104,6;3,9;66;13;Steel;Low;0
66,9;106,9;3,8;54;7;PVC;Low;0
62,9;104,7;3,7;80;27;Steel;Medium;0
56,2;115,2;3,6;68;19;PVC;Medium;1
68,4;97,8;3,4;82;22;Cast Iron;Medium;0
69,3;127,0;4,8;62;28;HDPE;Medium;0
57,2;113,1;4,5;63;2;Steel;Low;0
66,5;131,3;4,9;82;10;HDPE;Low;0
69,1;109,2;4,4;78;13;HDPE;Medium;0
51,0;135,0;5,0;59;25;HDPE;Medium;1
55,0;128,6;4,5;80;21;Steel;Low;1
55,2;109,7;3,9;55;6;PVC;High;1
50,4;145,4;5,5;50;28;PVC;Medium;1
70,5;108,2;3,9;56;28;PVC;Medium;0
74,0;113,8;4,0;76;12;PVC;Low;0
49,3;124,7;4,2;70;12;Cast Iron;Medium;1
62,4;121,5;4,2;77;20;PVC;Medium;0
65,5;127,1;4,6;65;11;Cast Iron;Medium;0
48,5;104,1;3,7;72;26;PVC;Medium;1
59,4;125,7;4,4;69;23;PVC;High;1
51,8;127,3;5,2;74;28;Steel;Medium;1
63,6;106,2;4,1;77;25;Steel;Low;0
55,2;114,9;4,9;54;7;HDPE;Medium;1
57,2;98,5;3,2;70;1;HDPE;Medium;0
68,5;113,7;4,3;67;1;Steel;Medium;0
70,3;104,0;3,7;55;25;PVC;Low;1
66,6;121,4;4,5;78;27;Cast Iron;Low;0
63,0;108,9;4,6;68;25;Cast Iron;High;1
56,3;95,4;3,0;82;20;Steel;Medium;1
53,4;108,4;3,8;50;13;PVC;High;1
56,3;119,0;4,2;52;9;Steel;Medium;0
62,5;102,7;3,6;70;3;PVC;Medium;0
62,8;105,9;3,3;84;7;PVC;Medium;0
57,4;104,2;4,2;52;6;PVC;High;1
56,2;108,9;4,4;74;8;HDPE;Medium;1
64,3;138,8;5,3;69;27;Cast Iron;Medium;1
66,3;92,7;3,0;83;9;Steel;Low;0
69,5;123,5;4,7;70;5;Steel;Medium;0
68,9;102,4;4,1;72;1;HDPE;Medium;0
58,6;111,5;4,2;55;19;PVC;Low;1
61,5;114,8;4,2;62;10;HDPE;Low;0
57,5;115,2;4,7;72;12;Cast Iron;Low;1
56,6;116,0;4,1;58;24;PVC;Low;1
48,1;124,5;4,6;66;15;Cast Iron;Low;1
65,2;111,8;4,3;51;27;HDPE;Low;0
59,1;114,2;4,3;68;22;HDPE;High;0
60,0;116,6;4,5;68;24;Steel;Medium;0
61,4;89,0;3,5;56;9;HDPE;Low;0
64,3;99,2;3,8;69;20;Cast Iron;Low;0
65,0;108,7;3,9;58;17;Cast Iron;Medium;0
67,4;93,0;3,2;66;17;HDPE;Low;0
59,3;123,7;4,6;76;26;PVC;High;1
57,9;125,4;5,1;51;20;HDPE;Medium;1
51,0;96,8;3,6;68;12;Cast Iron;Medium;1
62,0;96,1;3,7;66;7;PVC;Low;0
63,1;102,0;3,8;54;2;HDPE;Medium;0
54,5;123,3;5,2;67;3;HDPE;Low;1
55,2;103,3;3,8;56;17;Steel;High;1
64,7;103,3;4,0;66;5;PVC;Medium;0
62,4;98,9;3,4;53;17;Steel;Low;0
60,4;105,7;3,6;74;24;Cast Iron;Low;0
48,4;91,6;3,4;54;17;PVC;Low;0
48,1;107,9;4,4;79;27;PVC;Medium;1
57,7;110,1;4,3;61;17;Cast Iron;Low;1
69,2;103,0;3,2;53;2;PVC;Medium;0
71,2;116,1;4,5;73;2;Cast Iron;Low;0
68,7;109,4;3,6;78;28;HDPE;Medium;0
61,1;127,2;5,0;58;22;PVC;High;1
49,4;120,7;4,6;53;23;Cast Iron;Medium;1
52,4;121,5;4,5;73;5;HDPE;Medium;1
59,9;123,3;4,8;63;1;HDPE;Low;0
57,3;124,1;4,5;54;1;HDPE;Low;1
56,1;120,3;4,5;67;19;HDPE;Medium;1
68,8;114,6;3,8;68;2;PVC;Low;0
65,1;109,8;4,0;61;21;HDPE;Low;0
65,9;113,6;4,5;67;12;Cast Iron;Low;0
50,4;124,2;4,2;66;26;PVC;Low;1
68,5;121,6;4,7;79;6;Steel;Low;0
59,4;116,5;3,7;73;23;PVC;High;1
71,3;111,4;3,8;60;4;Steel;Low;0
60,0;119,1;4,3;84;23;PVC;Medium;0
65,6;94,7;3,6;72;11;Cast Iron;Low;0
59,6;122,2;4,4;66;24;HDPE;Medium;1
62,5;94,7;3,3;50;27;PVC;Low;0
51,7;131,5;5,2;64;17;PVC;High;1
60,9;113,0;4,5;81;6;PVC;High;0
65,2;111,1;4,0;58;24;HDPE;Low;1
62,9;117,3;4,2;64;5;PVC;High;0
64,8;123,7;4,5;77;20;Steel;High;0
61,7;93,8;4,1;73;2;HDPE;High;0
56,7;122,3;4,5;84;6;PVC;High;0
56,7;125,5;5,1;71;22;HDPE;Low;1
67,2;138,0;5,3;76;11;Steel;Medium;0
62,1;119,9;4,4;68;16;PVC;Low;0
70,9;110,5;3,9;61;16;PVC;Low;0
71,1;95,4;3,8;69;1;PVC;High;0
51,8;123,7;4,3;50;9;Steel;Low;1
60,8;119,2;4,3;70;28;Steel;Medium;1
64,8;131,8;5,1;50;27;HDPE;High;1
58,3;123,1;4,5;59;6;Steel;High;0
61,1;125,1;4,5;81;16;Steel;High;1
71,5;132,3;4,8;71;29;HDPE;Low;0
67,1;86,8;3,0;67;3;Cast Iron;Low;1
52,3;133,1;5,1;81;20;PVC;Low;1
58,7;128,1;4,8;76;28;PVC;Low;0
52,9;126,9;4,3;77;27;PVC;Low;1
64,7;91,8;3,3;67;4;PVC;Low;1
61,2;129,0;4,7;78;19;HDPE;Medium;0
50,0;132,7;4,8;67;26;Cast Iron;Medium;1
58,4;113,4;4,4;57;3;PVC;Low;0
63,6;105,8;3,7;80;19;PVC;Medium;0
60,9;135,6;5,8;83;20;HDPE;Low;0
59,3;125,7;5,1;56;7;Cast Iron;Low;0
66,0;105,1;4,3;67;20;PVC;Medium;0
51,2;112,2;3,8;58;9;HDPE;Medium;1
62,1;124,1;4,0;58;1;PVC;Medium;0
63,8;119,7;4,3;57;8;PVC;Low;0
74,0;101,0;3,8;84;7;Cast Iron;High;0
56,6;118,5;4,3;67;18;Cast Iron;Medium;1
66,1;128,4;4,6;54;8;PVC;Medium;1
46,5;113,1;3,7;63;1;Cast Iron;Medium;1
67,8;133,9;4,8;77;11;HDPE;High;0
51,4;118,5;4,3;79;28;Cast Iron;Medium;1
61,2;94,3;3,3;53;25;HDPE;Medium;0
74,1;104,9;3,7;69;25;HDPE;High;0
66,4;99,5;3,4;74;18;HDPE;Medium;0
68,0;111,2;4,6;77;23;Steel;Low;0
55,8;109,8;4,3;61;10;PVC;Medium;1
59,5;123,5;4,9;51;3;PVC;Low;0
66,8;113,8;4,3;63;7;PVC;Low;0
54,6;114,8;3,9;71;28;Steel;Medium;1
62,2;156,2;6,0;80;16;PVC;High;1
68,3;106,9;4,4;72;26;Steel;High;0
64,7;104,3;4,3;69;16;Cast Iron;Low;0
63,2;97,9;3,8;53;25;PVC;Medium;1
64,4;106,3;3,9;64;20;Steel;Low;0
63,9;113,4;4,2;73;28;HDPE;High;0
60,9;96,7;3,7;74;17;Cast Iron;High;1
61,8;111,7;3,6;50;2;PVC;Medium;1
69,0;114,8;4,4;56;1;Steel;High;0
57,1;107,1;3,8;80;16;Steel;Medium;1
55,9;112,4;4,8;61;12;Cast Iron;Medium;1
69,9;119,2;4,3;54;5;Steel;Low;0
70,2;96,6;3,6;61;5;HDPE;Medium;0
69,4;101,3;3,8;67;27;HDPE;Medium;1
58,4;121,2;4,3;51;23;Cast Iron;Medium;1
60,4;118,8;4,5;59;9;HDPE;Low;0
70,2;115,0;4,4;64;9;PVC;High;0
57,2;106,7;4,3;79;3;Cast Iron;Low;0
57,3;115,6;4,5;66;19;Steel;Medium;1
62,8;121,4;4,6;53;16;Steel;Medium;0
64,1;121,1;4,2;56;16;PVC;Medium;1
63,8;104,8;3,6;80;3;Steel;Medium;0
59,3;106,6;4,4;83;20;HDPE;Low;0
61,2;111,3;4,1;55;24;Steel;Low;0
64,9;111,3;4,7;83;22;PVC;Medium;1
58,1;110,1;3,8;64;24;Steel;Medium;0
71,6;101,2;4,4;63;1;Cast Iron;Low;0
63,3;104,7;3,6;55;24;PVC;Medium;0
57,8;111,3;4,0;81;20;Cast Iron;Medium;1
68,9;113,3;4,3;52;11;HDPE;Medium;0
58,9;120,2;4,8;52;17;Cast Iron;High;1
52,0;111,9;4,3;71;8;Steel;Low;1
63,9;98,9;3,1;71;4;HDPE;Low;0
61,4;121,5;4,3;59;6;Steel;Medium;0
66,8;104,3;3,5;52;8;Cast Iron;Medium;0
58,5;110,8;3,7;61;20;HDPE;Medium;0
70,9;125,7;4,7;78;3;PVC;High;0
57,9;100,7;3,1;66;16;Steel;High;0
58,5;89,6;3,6;56;25;Steel;High;0
65,4;100,7;4,0;62;3;Steel;Medium;0
52,9;138,7;5,6;51;25;Steel;Medium;1
63,9;100,1;3,4;53;29;HDPE;Low;0
67,5;106,6;3,7;59;18;Steel;Low;0
69,0;113,4;4,5;73;14;PVC;Medium;0
73,3;120,5;4,8;66;18;HDPE;Low;0
54,8;122,6;4,9;55;2;PVC;High;1
61,4;122,0;4,9;68;22;PVC;Medium;1
68,4;113,0;4,3;54;3;HDPE;Medium;0
48,6;121,4;4,4;81;16;HDPE;Low;1
56,0;113,2;4,4;59;29;Steel;Low;1
58,6;103,2;3,7;58;9;HDPE;Low;0
57,0;122,3;4,6;76;4;HDPE;Low;1
52,5;121,0;4,4;62;1;PVC;Low;1
65,8;94,6;3,6;68;4;HDPE;Medium;0
66,3;106,7;4,3;70;1;PVC;High;0
65,2;94,6;3,4;73;14;PVC;High;0
65,5;115,5;4,1;53;21;HDPE;Medium;0
65,2;106,3;3,9;73;16;Steel;Low;0
60,8;126,8;4,3;84;20;HDPE;High;0
59,7;105,3;4,1;52;24;HDPE;High;0
61,3;106,7;4,0;53;8;HDPE;Low;0
52,8;100,9;3,7;84;7;Cast Iron;Medium;1
64,5;100,0;3,8;80;3;HDPE;Low;0
61,2;91,5;2,9;74;17;HDPE;High;0
65,4;126,7;5,1;62;1;PVC;High;0
63,9;103,4;3,7;53;16;PVC;Low;0
61,5;121,6;4,4;63;12;HDPE;High;0
65,2;75,5;3,1;62;27;HDPE;Medium;0
60,2;132,7;5,1;76;19;HDPE;High;0
65,6;105,0;4,5;55;22;HDPE;Medium;1
58,4;119,9;4,1;66;23;HDPE;High;0
54,2;100,4;3,4;84;22;Steel;Low;1
63,9;119,4;4,1;66;14;Steel;Low;0
70,3;101,4;3,8;51;6;Steel;Low;0
60,8;93,3;3,4;62;6;Cast Iron;High;0
56,7;87,3;3,0;51;13;PVC;High;0
70,2;102,7;3,8;77;19;PVC;High;0
55,8;127,9;4,4;75;22;PVC;High;1
66,8;104,9;4,3;71;8;HDPE;Low;0
52,7;98,2;3,4;52;27;Cast Iron;Low;1
64,4;110,7;3,9;84;27;PVC;Low;0
57,3;87,0;2,5;61;2;Cast Iron;Low;0
56,9;129,4;4,3;73;21;PVC;Low;1
67,6;133,2;4,8;54;1;Cast Iron;Medium;0
63,4;89,2;3,2;69;28;HDPE;Low;0
59,9;123,1;4,8;62;15;PVC;Low;0
68,8;106,5;3,5;61;1;HDPE;Low;0
63,4;98,1;3,8;62;5;PVC;Low;0
64,1;101,1;3,9;59;28;PVC;High;0
47,6;134,9;5,2;82;29;PVC;Medium;1
64,5;107,4;4,3;65;16;Steel;High;0
56,3;89,5;3,0;84;19;HDPE;Low;1
53,7;140,9;5,4;52;4;PVC;Low;0
54,9;114,0;4,8;54;3;HDPE;Medium;0
47,0;117,5;4,8;75;17;Steel;Low;1
62,8;105,2;4,5;60;17;PVC;Low;0
64,2;101,6;3,8;56;12;HDPE;Low;0
74,3;121,6;4,3;59;28;PVC;Low;0
65,5;106,3;3,2;83;29;PVC;Low;0
66,7;118,4;4,0;52;14;Steel;Low;0
64,9;97,3;3,4;57;21;PVC;Medium;0
64,8;112,3;4,1;80;6;HDPE;Low;0
65,1;108,8;3,8;60;3;Steel;Low;0
52,3;127,7;4,8;56;28;PVC;High;1
62,0;102,9;3,9;51;9;HDPE;Low;0
62,2;115,8;4,3;55;5;PVC;Low;0
47,1;112,4;4,4;81;24;Cast Iron;High;1
66,2;124,3;4,5;69;29;HDPE;Low;0
62,9;105,9;4,3;83;17;Steel;Low;0
64,9;94,2;3,1;65;14;HDPE;Medium;0
65,8;108,8;3,9;74;21;PVC;Low;0
65,5;104,8;4,0;61;3;HDPE;Medium;0
56,6;145,6;4,8;56;28;Cast Iron;High;1
60,3;100,5;3,6;66;1;HDPE;Low;0
63,3;112,3;4,4;60;20;Steel;Medium;0
61,2;102,4;3,7;55;29;Cast Iron;Medium;1
64,0;114,9;3,7;72;21;PVC;Low;0
54,0;119,9;4,2;76;23;PVC;Medium;1
56,4;111,0;3,7;55;1;HDPE;Low;1
67,2;146,4;5,6;51;3;HDPE;Medium;0
63,0;110,4;4,1;71;18;Steel;Low;0
67,5;110,5;3,6;69;25;Cast Iron;Medium;0
65,7;120,6;4,0;74;10;HDPE;Low;0
60,7;102,2;3,6;64;22;PVC;High;0
55,0;123,8;4,6;78;26;Steel;Low;1
63,0;113,1;4,0;57;3;PVC;Low;0
63,1;112,7;4,3;82;8;Steel;Medium;0
66,5;137,1;5,2;71;14;HDPE;Medium;0
60,4;96,4;3,7;54;24;Steel;Medium;1
66,6;131,6;4,4;67;18;PVC;Medium;0
54,4;119,4;4,3;79;15;HDPE;Medium;0
58,8;127,5;5,0;80;22;HDPE;High;1
67,9;119,4;4,2;59;23;HDPE;Low;1
67,9;131,8;4,6;64;2;PVC;Medium;0
64,7;106,5;3,8;67;27;Steel;High;1
61,3;127,7;4,6;72;10;Cast Iron;High;1
51,7;121,4;4,5;82;2;PVC;High;0
74,5;98,9;3,5;65;26;PVC;Low;0
65,9;123,8;4,0;84;17;PVC;Low;0
56,2;111,5;4,5;83;8;HDPE;Medium;0
68,5;98,9;3,8;77;1;HDPE;Medium;0
61,4;85,7;3,2;51;9;HDPE;Medium;0
67,6;108,5;4,0;79;11;PVC;Medium;0
51,5;130,7;4,7;62;22;HDPE;High;1
59,5;88,5;3,0;65;16;HDPE;Low;0
59,7;117,7;3,8;54;7;HDPE;High;0
65,8;122,7;5,0;77;29;Cast Iron;Low;0
71,0;92,4;3,4;69;10;PVC;Low;0
54,0;111,1;3,6;73;23;Steel;Medium;1
61,3;115,2;4,0;76;26;HDPE;Medium;0
58,9;126,3;4,8;79;3;HDPE;Low;1
62,2;128,6;4,8;76;18;Steel;Low;0
71,9;100,0;3,5;75;25;Steel;High;0
66,8;94,7;3,2;56;24;Cast Iron;Low;0
61,8;136,6;4,9;54;13;PVC;Medium;1
63,4;102,8;3,2;72;28;PVC;Medium;0
60,9;122,9;4,4;77;26;Steel;Medium;0
62,2;134,5;4,8;83;7;HDPE;Medium;0
56,8;126,0;5,1;64;25;PVC;Low;1
56,1;130,7;4,7;81;4;PVC;Medium;1
55,6;140,2;5,3;75;13;PVC;Low;1
66,6;123,7;5,1;80;20;Cast Iron;Medium;1
72,1;125,3;4,3;68;1;PVC;Low;0
65,9;111,8;4,0;58;8;PVC;Medium;0
58,9;120,0;4,3;78;14;PVC;Low;0
64,7;121,2;4,0;53;16;HDPE;Low;0
63,2;94,9;3,4;52;14;PVC;Low;1
57,4;124,6;5,0;78;12;HDPE;Low;1
51,3;95,7;3,8;60;19;PVC;High;1
66,6;117,4;4,7;82;23;Steel;Low;1
68,0;111,8;4,0;60;15;PVC;High;0
50,8;148,0;5,1;76;28;HDPE;High;1
56,6;123,3;5,2;82;2;Cast Iron;Medium;0
61,7;118,0;4,4;70;2;Steel;Low;0
63,6;93,4;3,0;80;23;HDPE;Low;0
49,0;127,6;5,5;51;22;PVC;Medium;1
58,8;108,3;4,0;76;19;PVC;Low;0
56,4;123,2;3,7;60;25;Steel;Low;1
64,0;100,2;4,1;67;26;Cast Iron;Medium;0
51,8;131,1;4,2;50;29;Steel;High;1
65,1;95,4;3,6;84;22;HDPE;Medium;0
63,0;109,9;4,3;84;26;Steel;Low;0
64,4;134,6;5,2;80;26;HDPE;Medium;0
66,8;114,2;4,7;77;22;PVC;Low;0
55,8;131,4;5,2;50;17;HDPE;Low;1
56,4;91,1;3,9;74;20;Cast Iron;High;1
56,8;98,7;3,6;69;10;PVC;Low;0
64,4;112,5;4,0;52;6;Steel;Low;0
66,7;104,6;3,8;51;15;PVC;Low;0
60,1;121,9;4,9;67;22;HDPE;High;0
63,5;114,6;4,1;59;11;PVC;Medium;1
64,3;131,9;5,1;54;28;HDPE;Medium;1
46,1;130,0;4,6;58;5;Steel;Medium;1
66,7;110,3;3,8;51;1;PVC;Low;0
59,0;110,3;4,4;83;8;Steel;Medium;1
66,6;96,8;3,7;80;21;Steel;Low;0
68,0;123,4;3,9;59;28;Cast Iron;Low;0
68,7;108,8;3,8;61;12;PVC;Medium;0
63,1;111,2;3,3;70;12;HDPE;High;0
62,9;100,6;3,6;55;5;PVC;Low;0
59,2;102,8;3,7;52;7;Cast Iron;Low;1
62,4;119,5;4,3;59;4;Cast Iron;Low;1
61,5;100,8;4,1;54;6;HDPE;Low;0
64,0;112,5;4,3;75;13;Steel;High;1
54,6;105,4;4,6;70;20;HDPE;Medium;1
67,3;97,0;3,8;75;15;HDPE;Medium;0
67,2;103,9;4,0;75;3;PVC;Medium;0
70,1;103,9;3,9;57;23;Steel;Low;0
61,8;123,3;4,5;54;8;PVC;Medium;0
58,5;109,1;3,8;64;20;Steel;Low;0
62,2;146,9;5,4;65;16;Steel;Medium;0
65,3;115,6;4,2;50;13;Steel;High;0
57,3;94,1;3,5;65;18;PVC;Medium;1
53,9;127,7;4,9;52;28;PVC;Low;1
65,9;111,3;4,2;80;10;PVC;High;0
61,3;106,6;3,8;62;19;HDPE;Low;0
59,8;110,4;3,9;65;17;PVC;Low;0
66,1;108,2;4,1;70;24;Cast Iron;Low;0
54,1;125,5;4,4;51;19;HDPE;Low;1
70,3;79,3;2,8;76;28;PVC;Medium;0
73,9;133,6;4,8;75;26;HDPE;Medium;0
58,5;91,2;4,1;74;23;HDPE;High;0
62,6;109,0;3,7;60;26;HDPE;Medium;0
66,9;96,9;3,4;57;5;HDPE;Medium;0
73,0;122,5;4,4;57;26;Cast Iron;Low;0
63,6;104,6;3,7;82;21;HDPE;Low;0
57,6;116,0;4,6;56;23;Cast Iron;Medium;1
59,1;117,2;4,3;70;9;Cast Iron;Low;0
67,6;124,2;4,2;57;12;PVC;High;1
54,4;117,3;4,8;70;21;Cast Iron;Low;1
61,5;109,3;4,1;69;1;PVC;Low;0
67,5;133,2;5,1;57;26;Steel;Low;0
54,7;130,2;5,0;80;26;HDPE;Low;1
67,6;105,5;3,5;78;1;Cast Iron;Low;0
60,2;124,6;4,6;58;15;Cast Iron;Medium;1
63,4;115,9;4,5;64;2;Steel;Low;0
63,7;93,4;3,3;79;22;Steel;Medium;0
61,3;111,4;4,2;75;16;PVC;Low;0
64,0;90,1;3,5;59;25;PVC;Low;0
54,7;92,7;3,0;78;8;HDPE;Low;1
63,5;98,7;3,3;65;13;PVC;High;0
50,0;121,0;3,8;69;21;Steel;Low;1
59,4;116,6;4,4;71;1;PVC;Medium;0
70,2;89,8;3,9;56;16;Cast Iron;Low;0
69,6;77,1;2,6;72;29;HDPE;Medium;0
60,3;141,6;5,2;78;7;Steel;Low;1
65,6;105,9;4,2;65;5;PVC;Medium;0
50,1;139,9;5,3;77;22;Cast Iron;Medium;1
62,7;121,7;4,2;80;29;Cast Iron;High;0
61,3;123,4;5,0;63;23;HDPE;Low;0
68,9;106,7;4,0;82;3;HDPE;Low;0
74,9;102,6;3,7;58;12;Steel;Low;0
64,4;113,5;4,2;76;26;PVC;High;0
60,8;107,9;4,2;73;16;HDPE;Medium;1
70,3;102,4;3,6;62;19;HDPE;Medium;0
67,7;88,1;3,7;75;5;PVC;Low;0
60,8;103,7;4,2;78;22;HDPE;Low;0
72,4;120,8;4,5;77;25;PVC;Low;0
46,1;144,8;5,4;77;29;PVC;High;1
47,4;129,1;4,5;57;14;PVC;Medium;1
56,9;105,5;3,7;72;28;Cast Iron;High;1
64,0;120,6;4,1;78;5;HDPE;Low;0
63,0;117,7;4,3;54;15;Cast Iron;Medium;0
74,8;100,8;3,8;56;17;HDPE;Medium;0
64,0;84,8;2,7;76;14;PVC;Low;0
55,6;141,4;5,4;51;20;HDPE;High;1
65,6;118,5;4,1;74;5;HDPE;High;0
69,7;116,9;4,5;58;12;PVC;High;0
59,1;103,6;4,1;76;16;HDPE;Medium;0
64,5;111,8;4,5;50;26;PVC;Low;0
68,4;106,6;4,3;72;26;HDPE;Low;0
66,7;117,2;4,8;59;16;Steel;High;0
59,4;131,8;5,1;74;21;PVC;Low;1
75,1;96,1;3,6;52;7;PVC;Medium;0
73,2;95,2;3,4;55;4;Steel;Medium;0
57,9;115,8;4,3;55;1;HDPE;Medium;1
51,3;115,6;4,8;51;5;PVC;High;1
64,4;121,5;4,4;67;23;Cast Iron;Low;1
59,0;111,4;4,1;72;26;PVC;Low;1
56,9;109,5;4,5;51;10;Steel;Low;1
51,0;100,1;3,6;61;22;Cast Iron;Low;1
63,0;116,0;4,1;71;5;PVC;Low;0
54,1;122,0;4,9;69;4;PVC;Low;1
70,5;120,5;4,2;73;2;PVC;High;0
55,8;121,3;4,6;69;20;PVC;High;1
65,9;63,8;2,5;50;10;PVC;Low;0
58,5;113,7;4,3;50;26;Steel;Low;0
68,5;92,1;2,7;66;19;PVC;High;0
69,0;85,1;3,4;50;26;HDPE;Low;0
51,3;95,8;3,5;79;1;Cast Iron;Low;1
65,2;84,9;3,3;52;24;Steel;Low;0
64,8;110,5;4,2;60;5;HDPE;Medium;0
62,6;100,9;3,8;73;13;PVC;Low;0
54,0;93,9;3,4;71;4;HDPE;High;0
64,3;101,3;3,6;75;16;HDPE;Low;0
63,7;99,0;3,7;62;24;HDPE;Medium;0
60,7;116,9;4,4;50;16;PVC;Low;0
54,8;136,5;4,9;73;23;Cast Iron;Medium;1
64,8;101,9;4,1;59;2;HDPE;Medium;1
63,3;128,8;4,7;84;17;PVC;Medium;0
49,7;133,2;4,6;73;28;HDPE;Medium;1
50,0;122,6;4,7;77;27;HDPE;Medium;1
64,7;131,2;5,4;65;20;Steel;High;0
63,6;94,7;3,2;65;24;Steel;High;0
67,4;86,8;3,2;66;12;Steel;Medium;0
50,7;101,3;4,1;64;18;PVC;Low;1
53,1;113,7;4,4;65;3;HDPE;Low;1
60,7;114,8;4,4;64;28;HDPE;Low;0
63,8;96,3;3,6;83;1;PVC;Medium;0
67,0;101,6;3,0;60;1;PVC;Low;0
56,1;106,2;4,0;50;29;Steel;Low;1
65,3;107,2;4,1;64;19;PVC;High;0
66,8;124,5;4,9;75;11;HDPE;High;0
65,3;115,2;4,0;53;5;PVC;High;0
68,5;100,4;4,2;54;12;PVC;Low;0
69,0;126,3;4,6;84;3;PVC;Medium;0
71,0;112,1;4,0;62;1;Cast Iron;Low;0
67,6;110,9;3,9;59;1;Steel;Low;0
59,3;125,8;5,0;60;8;Cast Iron;Low;0
71,3;105,9;3,6;67;10;HDPE;Low;0
62,8;130,0;5,0;83;11;PVC;Low;1
72,0;116,6;4,1;72;12;HDPE;High;0
65,6;113,2;4,2;56;29;HDPE;Low;1
53,0;97,7;3,2;52;13;Steel;Medium;1
64,8;113,6;4,4;61;12;PVC;Medium;0
63,4;120,3;4,4;56;14;HDPE;Low;0
57,1;120,9;4,6;75;2;PVC;Medium;0
63,9;129,5;4,7;82;29;PVC;Low;0
72,2;105,2;4,1;64;19;Steel;Medium;0
57,6;119,1;4,4;51;18;HDPE;Low;0
60,6;94,7;3,7;56;3;HDPE;Low;0
68,0;116,8;4,5;81;23;HDPE;Low;0
66,8;126,1;4,7;53;17;HDPE;Medium;1
64,7;123,4;4,3;69;26;Steel;High;0
71,4;104,4;3,7;81;8;Cast Iron;Low;0
65,0;107,2;3,7;77;29;Cast Iron;Medium;1
57,9;104,2;4,3;62;26;Steel;Medium;0
45,6;117,9;4,6;50;10;PVC;High;1
57,4;94,7;3,5;84;26;Steel;High;0
65,9;112,3;4,0;79;2;HDPE;Medium;0
70,8;87,8;3,0;74;19;PVC;Medium;0
65,4;95,2;3,6;65;9;Steel;High;0
61,4;122,7;5,1;68;7;PVC;Low;0
52,0;127,6;4,7;50;4;Cast Iron;Low;1
63,3;104,6;4,2;54;26;HDPE;Low;0
61,0;111,3;4,2;71;21;HDPE;High;0
65,7;106,0;4,1;73;18;Steel;High;0
64,8;121,0;4,3;53;13;Cast Iron;Low;0
53,7;124,5;4,6;67;11;HDPE;Medium;1
59,3;103,1;3,6;65;29;HDPE;Medium;1
53,1;95,2;3,6;67;24;PVC;Low;1
57,3;100,7;3,7;71;4;HDPE;High;0
61,9;107,2;4,1;51;25;PVC;Low;0
64,9;115,0;4,0;70;21;Steel;Low;0
70,2;110,1;4,2;78;29;HDPE;Medium;0
65,4;113,8;4,3;75;25;Steel;Medium;0
58,6;101,7;3,8;70;4;PVC;Low;0
60,0;109,5;4,2;66;10;PVC;Medium;0
63,6;108,8;4,0;65;5;Steel;Medium;1
67,8;104,4;5,0;80;9;PVC;Low;0
64,3;102,5;3,9;58;24;PVC;Low;0
59,3;113,2;4,2;80;3;PVC;Medium;0
70,5;113,4;4,4;63;17;Cast Iron;Low;0
69,7;100,4;3,6;51;3;Steel;High;0
53,8;111,2;4,0;63;16;HDPE;High;1
71,0;134,0;5,2;82;4;PVC;High;0
67,9;103,9;4,1;84;18;PVC;Low;0
48,5;119,4;4,8;69;17;Steel;High;1
62,0;106,5;3,5;51;7;Steel;Low;0
52,8;116,2;4,3;68;24;PVC;Low;1
53,6;146,3;5,5;67;23;PVC;Low;1
66,2;107,1;4,2;65;5;PVC;Low;0
62,6;96,7;3,7;53;12;Steel;Medium;0
59,3;140,4;4,9;61;17;Steel;Medium;1
58,7;128,5;4,9;78;23;PVC;Low;1
53,8;124,7;4,7;56;13;PVC;Medium;1
66,9;125,8;4,8;63;23;PVC;Low;0
53,3;112,6;3,8;61;25;Cast Iron;Medium;1
65,9;128,3;4,5;84;3;PVC;Low;0
60,7;116,4;4,9;54;9;Steel;High;1
61,2;137,8;5,4;66;17;HDPE;High;1
64,2;143,9;5,3;81;17;HDPE;Medium;0
64,6;112,9;4,2;59;20;PVC;Low;0
50,7;117,3;5,0;66;16;PVC;Low;1
58,1;94,6;3,5;54;25;HDPE;High;0
59,8;106,5;3,9;58;22;Steel;Low;0
62,7;103,4;3,6;82;13;HDPE;Low;0
73,6;109,8;4,0;67;27;HDPE;Low;0
65,1;148,1;5,0;58;19;PVC;Medium;0
68,5;104,2;4,0;78;17;Cast Iron;Medium;0
68,3;103,5;4,2;63;4;Steel;High;0
59,5;106,0;4,3;74;12;PVC;Low;0
55,6;114,7;4,0;64;29;Cast Iron;Low;1
58,0;141,2;4,5;55;9;HDPE;High;1
54,7;110,1;4,2;78;19;HDPE;High;1
49,5;130,9;5,2;64;12;Steel;Low;0
65,9;115,0;3,8;78;9;Steel;Medium;0
62,1;104,9;3,8;53;7;Steel;Low;0
55,0;105,8;4,0;67;28;PVC;High;1
61,1;114,2;4,0;65;14;PVC;Low;1
70,6;80,6;2,5;60;20;Cast Iron;High;0
60,9;85,5;2,9;63;19;PVC;Medium;0
70,4;116,1;4,1;52;26;HDPE;Medium;1
60,8;97,2;3,0;67;15;HDPE;Low;0
62,5;114,0;4,5;69;16;HDPE;Medium;0
54,9;101,2;4,2;74;21;HDPE;Low;0
68,4;124,7;4,6;62;5;Cast Iron;Low;0
55,1;91,3;3,6;53;3;PVC;Medium;0
55,4;126,0;4,2;63;12;PVC;High;1
61,0;121,6;4,5;82;25;PVC;Medium;0
50,9;121,8;4,3;77;20;Cast Iron;Medium;1
58,1;134,4;5,1;57;27;HDPE;Low;1
51,7;131,7;4,1;83;21;PVC;Low;1
62,9;77,6;2,8;54;4;Steel;Low;0
51,7;127,8;4,9;54;21;Cast Iron;Medium;1
71,2;115,5;4,3;80;23;Steel;High;1
59,8;110,9;4,3;58;16;Cast Iron;Medium;1
67,2;106,7;3,8;81;25;PVC;Low;0
63,8;102,2;2,9;82;7;Steel;Low;0
77,5;128,5;5,1;52;13;HDPE;Medium;0
51,1;95,9;3,8;79;21;Steel;Low;0
61,4;89,5;3,8;61;10;Steel;High;0
62,8;104,9;3,9;78;26;Steel;High;1
62,7;116,9;4,5;52;7;Steel;Medium;0
56,6;143,4;6,0;75;14;PVC;Low;1
58,9;147,8;4,9;79;26;HDPE;Low;1
59,4;131,0;5,0;58;5;Cast Iron;Low;1
59,5;97,0;4,0;75;3;Cast Iron;Low;0
63,5;109,7;4,1;51;23;PVC;Low;1
59,3;125,8;4,7;52;29;PVC;Medium;0
54,3;139,3;4,7;53;11;PVC;Medium;1
53,9;101,4;4,2;74;11;Steel;Low;0
66,8;130,4;5,1;62;18;Steel;Low;1
54,7;113,3;4,6;84;15;PVC;Low;1
67,1;118,4;4,4;72;12;HDPE;Low;0
59,7;128,3;4,7;58;9;Steel;High;0
67,0;94,1;3,5;51;10;Steel;Low;0
60,3;111,6;4,6;80;26;HDPE;Low;0
50,6;122,6;4,5;51;12;HDPE;Low;0
60,0;107,2;4,4;81;17;HDPE;High;0
68,1;92,7;3,4;67;29;PVC;Medium;0
68,3;114,5;4,0;62;6;HDPE;Low;0
69,2;109,8;3,4;54;7;Steel;Medium;0
65,7;101,1;3,9;59;14;Cast Iron;Medium;0
64,9;111,2;4,3;74;13;HDPE;High;0
66,9;89,5;3,0;83;8;Steel;Low;0
59,9;112,3;4,6;79;10;PVC;High;0
54,6;149,1;5,1;56;9;HDPE;High;1
68,7;95,6;3,8;55;18;PVC;High;1
58,6;96,6;3,8;52;27;PVC;Medium;0
58,9;115,5;4,6;62;26;Steel;Medium;1
69,0;140,6;4,6;52;2;Cast Iron;Low;1
58,9;132,2;5,2;75;5;PVC;Medium;0
63,2;122,7;4,5;73;29;HDPE;Medium;1
55,6;107,7;3,9;55;5;Steel;Medium;0
65,9;129,5;5,0;61;6;PVC;Low;0
63,1;101,5;4,0;51;19;HDPE;Medium;0
54,1;139,0;4,6;60;8;Steel;High;1
55,6;100,1;3,3;83;16;HDPE;Low;1
60,5;122,8;4,9;75;13;PVC;High;0
55,0;112,1;4,3;67;1;HDPE;Medium;0
59,6;121,7;4,6;70;22;Steel;High;1
58,5;113,9;3,9;71;20;HDPE;Low;1
59,7;121,0;4,6;79;17;PVC;Low;1
54,6;116,1;4,7;79;7;Steel;High;1
64,3;128,5;5,5;57;25;PVC;Low;0
56,8;139,0;5,0;83;13;Steel;High;1
51,1;105,2;4,2;58;4;PVC;Medium;1
68,6;113,5;4,8;69;4;Cast Iron;Medium;0
63,3;118,7;4,0;74;6;HDPE;Low;0
51,5;112,0;4,7;68;28;PVC;Medium;1
51,6;140,4;5,3;54;19;PVC;Low;1
65,0;125,6;4,7;60;29;PVC;Low;0
60,3;105,5;3,7;64;12;Cast Iron;Low;0
54,3;121,7;4,4;57;22;Cast Iron;Low;0
62,9;78,5;2,7;68;7;HDPE;High;0
58,3;125,4;4,4;72;27;HDPE;High;0
62,7;116,1;4,4;76;10;Steel;Low;0
48,3;108,4;4,4;81;26;Cast Iron;Medium;1
68,9;119,5;4,1;75;19;HDPE;Low;0
62,4;83,7;2,9;76;7;HDPE;Medium;0
62,2;98,1;3,7;68;3;HDPE;High;0
52,3;133,4;4,6;78;13;Steel;High;1
50,1;120,6;4,5;82;13;PVC;Low;1
71,2;116,4;4,2;68;18;HDPE;Medium;0
68,1;116,2;3,8;68;28;HDPE;Low;0
63,5;108,6;4,2;82;26;Steel;High;0
68,2;122,4;4,4;65;20;PVC;Low;1
64,6;102,6;4,1;72;28;HDPE;Medium;1
60,9;111,4;4,1;56;8;HDPE;Medium;0
57,6;93,6;3,3;75;29;HDPE;Medium;1
61,3;121,9;4,5;81;9;PVC;Low;0
58,8;111,5;4,5;61;7;HDPE;High;0
61,0;108,0;4,6;57;1;HDPE;Low;0
62,7;107,2;4,1;54;3;HDPE;Medium;0
67,1;102,8;3,6;77;13;HDPE;Low;0
59,1;96,0;3,6;54;28;Steel;Low;1
65,1;114,2;4,2;75;25;Steel;Medium;0
56,5;128,4;4,7;54;28;PVC;Low;1
57,5;100,8;3,7;71;17;Steel;Low;0
61,8;114,5;4,0;64;25;HDPE;Low;1
63,6;109,2;4,3;62;24;PVC;Low;0
61,3;106,5;4,2;77;1;PVC;Medium;0
54,2;114,7;4,3;82;6;PVC;High;1
70,2;129,4;5,2;72;21;Steel;Low;0
61,0;100,5;3,9;82;6;Steel;Low;1
66,7;81,7;2,7;67;26;Steel;Low;0
66,2;102,4;3,7;79;12;HDPE;Low;0
54,3;117,5;4,8;75;13;HDPE;Medium;1
71,2;105,0;3,8;65;13;PVC;Medium;0
48,6;135,1;4,8;62;29;PVC;Low;1
60,5;102,3;4,0;82;15;HDPE;Low;1
68,7;86,1;3,1;75;21;PVC;Low;1
64,8;100,1;3,9;50;16;PVC;High;0
53,7;105,9;3,9;51;22;HDPE;High;1
52,0;129,5;4,6;55;21;Steel;Low;0
61,1;133,8;4,7;73;11;Cast Iron;Low;0
67,2;84,6;2,6;67;28;Cast Iron;High;0
48,5;99,9;3,4;76;5;HDPE;High;1
63,8;117,0;4,5;57;4;HDPE;Low;0
65,2;128,3;5,1;77;3;HDPE;Low;0
66,9;117,1;4,2;59;19;Steel;Low;0
61,5;115,0;3,8;66;20;PVC;Medium;0
62,7;102,9;4,2;78;25;HDPE;Low;0
57,6;127,3;5,1;55;18;Steel;Low;1
64,6;114,7;4,5;63;15;HDPE;Medium;0
62,7;131,5;4,4;71;9;HDPE;Low;0
59,5;92,5;3,6;55;17;HDPE;Medium;1
64,7;112,0;4,3;75;14;PVC;Low;0
64,5;98,9;3,9;61;15;HDPE;Low;0
61,2;117,4;4,4;84;1;PVC;Medium;0
64,9;110,4;3,9;63;21;PVC;Low;0
68,7;123,7;4,5;71;22;PVC;High;1
68,8;128,1;5,1;72;22;Steel;Medium;0
60,3;122,1;4,6;56;3;PVC;Low;0
59,2;136,4;4,7;74;16;HDPE;Medium;0
63,6;118,4;4,9;62;23;PVC;Low;0
61,9;102,1;4,1;70;25;Cast Iron;High;1
63,8;100,1;4,2;59;11;PVC;Low;0
60,4;117,5;4,7;58;12;HDPE;Medium;0
66,1;123,9;4,3;64;10;Cast Iron;Low;0
64,3;90,8;3,5;51;16;Steel;Low;0
69,9;131,4;5,0;74;8;PVC;High;0
61,4;113,5;3,8;62;6;Steel;High;1
56,2;105,6;3,6;83;12;HDPE;Low;1
73,2;99,6;3,9;83;24;HDPE;Low;0
61,9;102,2;4,0;84;28;PVC;High;1
63,3;95,0;4,2;52;21;PVC;High;0
62,9;118,5;4,3;55;8;Steel;Low;1
71,7;121,5;4,0;68;26;HDPE;Medium;0
66,5;135,6;5,0;52;28;HDPE;Low;1
64,8;100,0;4,0;67;4;Steel;High;0
69,0;116,3;4,2;58;26;Steel;Low;0
64,4;96,3;3,6;61;8;PVC;Low;0
64,3;115,1;4,1;54;26;HDPE;Medium;0
69,6;92,7;3,8;52;28;PVC;Low;0
54,6;111,0;4,3;60;18;Steel;Medium;1
49,5;133,1;4,7;79;28;Steel;Low;1
64,4;94,5;3,3;53;28;Cast Iron;Low;0
67,4;112,6;4,0;54;5;PVC;Low;0
68,1;106,5;3,4;50;9;PVC;Medium;0
55,9;96,3;3,3;76;4;PVC;Low;1
66,7;77,6;2,5;77;27;PVC;Medium;0
50,5;141,9;5,5;78;22;PVC;High;1
63,3;88,6;3,6;67;17;Cast Iron;Medium;0
65,7;109,9;4,0;61;9;PVC;Low;0
68,9;116,6;4,4;62;1;PVC;Low;0
59,9;100,9;4,1;51;21;Steel;Low;0
65,1;99,2;3,9;65;20;HDPE;Low;0
65,3;118,7;5,0;73;13;Steel;Low;0
55,4;114,6;4,3;84;28;PVC;Medium;1
69,7;109,0;4,5;71;16;HDPE;Low;0
63,2;121,4;4,5;60;29;PVC;Low;1
66,3;109,6;4,0;78;13;PVC;Low;0
63,1;100,8;3,9;84;14;Cast Iron;Medium;0
66,1;129,3;5,0;64;3;PVC;Low;0
53,7;126,0;4,5;80;29;HDPE;Medium;1
61,8;92,9;3,2;65;6;HDPE;Low;0
56,3;129,5;4,8;59;18;PVC;High;1
61,1;104,7;3,3;81;19;Cast Iron;High;1
53,4;106,8;3,9;51;5;PVC;Low;1
73,0;109,3;3,8;73;15;Steel;Low;0
58,7;102,3;3,6;72;25;Cast Iron;Low;1
62,6;131,1;4,6;51;2;HDPE;Low;0
61,3;102,7;4,0;80;10;Cast Iron;Medium;1
58,8;112,8;4,3;75;24;PVC;High;0
59,3;114,3;4,2;78;18;HDPE;Medium;0
62,3;115,5;4,2;52;27;PVC;High;1
55,3;111,0;4,4;63;13;Steel;Low;0
56,4;102,3;4,1;74;5;Cast Iron;Low;0
72,2;104,1;3,8;50;23;PVC;Medium;0
60,5;99,8;4,1;52;24;Steel;Low;1
73,9;129,7;4,7;75;1;PVC;Medium;0
51,7;115,0;4,3;67;22;HDPE;Low;1
62,0;135,8;4,9;58;1;HDPE;Low;0
55,6;122,8;4,4;72;18;Cast Iron;High;1
58,0;86,6;3,0;70;15;HDPE;Low;1
66,0;121,0;4,7;50;17;PVC;High;0
62,7;110,1;4,2;70;11;PVC;High;0
56,6;100,4;3,4;76;21;PVC;Medium;1
70,3;128,2;4,9;55;26;PVC;Medium;0
61,0;114,5;4,8;77;25;PVC;Medium;1
62,4;105,7;3,7;66;22;Cast Iron;High;0
62,4;119,8;4,2;52;27;HDPE;Low;0
63,7;120,8;4,5;61;27;HDPE;Medium;0
58,4;109,0;4,5;61;17;PVC;Medium;0
67,2;112,1;4,0;51;13;Cast Iron;Low;0
69,4;104,3;4,4;71;1;Steel;Low;0
64,6;125,6;4,3;72;2;PVC;Low;0
69,7;106,3;4,0;79;9;Steel;Medium;0
72,4;102,5;3,3;54;3;HDPE;High;0
58,2;112,3;3,9;58;1;PVC;Low;1
68,6;115,2;4,2;70;21;HDPE;High;0
57,1;107,9;4,1;60;16;HDPE;Medium;0
52,9;136,7;5,4;54;23;PVC;High;1
68,5;100,7;3,5;84;6;Cast Iron;Medium;0
65,9;116,5;4,4;76;28;Steel;Medium;0
57,4;127,1;4,3;51;17;Steel;Low;1
70,5;92,6;3,7;73;5;HDPE;High;0
70,9;106,5;4,3;80;5;HDPE;Low;0
60,8;82,7;3,4;82;6;Steel;High;0
65,3;99,9;4,0;79;3;HDPE;High;0
67,8;90,0;3,3;77;21;PVC;Low;0
55,5;148,3;5,6;80;23;HDPE;Low;1
66,0;95,0;3,5;60;5;Steel;Medium;0
69,6;138,5;5,1;72;21;HDPE;Low;0
53,0;120,3;4,2;51;5;PVC;High;1
61,0;102,1;3,9;76;10;Steel;Low;0
59,6;124,6;4,7;84;10;PVC;Low;0
64,2;93,8;3,8;51;19;PVC;High;0
64,3;93,4;3,6;70;17;PVC;Medium;0
62,3;109,7;4,3;54;21;PVC;High;0
63,4;123,2;4,3;70;14;Steel;Low;0
65,3;129,3;5,2;78;9;HDPE;Medium;0
62,9;110,1;4,0;69;14;PVC;Medium;0
62,3;114,1;3,6;69;1;Cast Iron;Medium;1
66,9;117,3;4,2;74;19;Cast Iron;Medium;0
69,4;126,4;4,9;51;13;Cast Iron;Medium;0
61,8;116,0;4,3;81;13;PVC;Low;0
72,5;131,3;4,3;75;4;HDPE;Low;0
71,7;137,1;5,1;55;1;Cast Iron;Medium;0
60,8;100,8;3,8;52;17;Steel;Low;0
59,5;95,2;3,2;82;8;PVC;Medium;0
70,7;109,0;4,2;50;2;PVC;Low;0
54,6;108,5;4,0;54;28;HDPE;Medium;1
49,2;126,0;4,1;62;8;Cast Iron;Medium;1
65,9;90,8;3,6;68;7;HDPE;Low;0
65,3;130,6;4,9;61;26;HDPE;Low;0
59,7;105,0;4,3;74;26;PVC;Low;0
66,4;125,6;4,4;84;2;Steel;Medium;0
66,3;76,3;2,8;61;22;Steel;High;0
67,3;102,0;4,1;79;22;HDPE;Low;0
71,2;98,3;3,4;54;3;Steel;Medium;0
53,8;133,2;5,2;83;27;Cast Iron;Low;1
63,8;128,5;5,1;71;18;PVC;Medium;0
71,9;84,3;3,2;62;12;HDPE;High;0
62,9;120,7;4,4;52;1;PVC;Low;0
56,2;126,8;4,5;69;22;Steel;Medium;1
65,9;112,6;4,0;80;12;HDPE;Low;0
67,3;115,6;4,4;54;5;HDPE;Low;0
61,6;119,8;3,6;73;27;Steel;Low;1
60,6;126,2;4,5;82;25;HDPE;Low;1
63,7;106,9;3,8;57;17;Cast Iron;Medium;1
58,4;125,6;4,4;73;16;HDPE;Low;0
60,9;113,4;4,3;69;15;PVC;Medium;1
62,4;124,7;4,2;65;23;Steel;Low;1
68,3;118,0;4,7;61;15;Steel;Low;0
70,9;97,7;3,9;62;5;PVC;Medium;0
51,6;100,9;4,1;74;21;Cast Iron;High;1
65,8;109,7;3,9;81;14;Cast Iron;Low;0
66,9;121,2;4,6;73;2;PVC;High;0
57,0;104,1;4,1;58;11;Cast Iron;Medium;1
65,7;110,3;4,0;72;19;PVC;Medium;1
61,6;105,5;3,7;62;7;PVC;Medium;0
63,6;99,5;3,7;81;6;PVC;Low;0
65,4;109,6;4,0;64;28;Cast Iron;Low;0
61,0;121,9;4,2;54;2;Steel;Medium;1
61,7;94,5;2,8;71;6;PVC;Low;0
63,2;131,1;4,6;65;18;HDPE;High;0
72,0;113,0;3,5;59;2;HDPE;Low;0
53,2;102,9;3,6;73;18;PVC;Low;0
61,8;116,8;4,8;67;15;Cast Iron;Medium;0
60,9;144,1;4,8;67;27;Steel;Low;1
61,3;121,1;4,6;56;19;HDPE;Medium;0
63,4;101,2;4,1;53;2;Cast Iron;Medium;0
64,5;116,7;3,9;75;20;HDPE;High;1
68,8;110,0;4,6;54;25;Cast Iron;Medium;0
64,5;119,1;4,4;65;6;Steel;Medium;1
64,8;108,5;4,4;84;1;HDPE;Medium;0
58,9;136,8;5,1;75;24;PVC;High;1
62,4;110,6;4,0;67;15;Cast Iron;Low;1
64,4;94,4;2,6;78;28;HDPE;Low;0
68,1;107,9;3,7;72;23;PVC;Low;0
71,3;108,8;4,2;63;10;PVC;Low;0
63,4;90,2;3,8;64;19;HDPE;Medium;0
54,9;113,2;3,8;82;17;HDPE;Medium;1
69,1;107,7;4,0;74;5;Steel;Medium;0
46,4;140,0;5,1;70;29;Cast Iron;Low;1
62,6;94,9;3,6;66;4;PVC;Medium;0
59,7;119,1;4,4;72;10;Steel;Low;0
59,0;136,4;4,9;66;24;PVC;Medium;0
65,4;100,4;3,9;63;17;Cast Iron;Medium;0
67,0;112,3;4,0;78;10;Steel;Low;0
64,3;117,6;4,4;69;17;HDPE;Low;0
68,0;126,5;4,9;79;28;Steel;Low;0
60,5;136,0;4,8;68;20;PVC;High;1
61,8;106,5;3,8;62;24;HDPE;High;0
79,1;121,4;4,3;67;5;Steel;Medium;0
61,7;121,7;4,6;72;2;HDPE;Low;0
63,3;107,7;4,1;82;6;HDPE;Low;0
63,9;106,4;3,8;67;21;HDPE;Medium;0
68,6;105,2;4,0;58;2;Steel;Medium;0
65,2;92,4;2,6;82;13;PVC;Low;0
63,7;99,3;3,9;81;11;PVC;Low;0
63,4;136,2;5,3;66;11;Steel;Medium;0
61,3;120,1;4,3;68;16;Steel;Low;1
65,2;101,9;3,6;76;11;PVC;Low;0
56,3;120,3;4,4;55;19;PVC;Low;1
62,1;121,7;4,2;84;15;PVC;Medium;0
61,4;118,2;4,2;83;25;PVC;High;1
65,6;119,0;4,5;69;23;HDPE;High;0
66,3;114,0;4,5;74;23;Steel;Medium;0
62,6;111,6;4,2;53;16;Steel;Medium;0
49,4;123,3;5,4;59;11;HDPE;Low;1
49,4;102,5;4,2;59;22;HDPE;Medium;1
75,9;122,6;4,8;73;16;Steel;Low;0
68,8;107,6;4,2;70;8;HDPE;Medium;0
66,2;87,9;3,3;60;4;Cast Iron;Low;0
72,3;102,2;3,9;76;8;HDPE;Low;0
71,2;124,9;4,7;65;4;PVC;Low;0
64,3;90,3;3,7;75;24;Steel;Low;0
67,8;98,6;3,6;79;25;PVC;Low;0
53,3;121,8;4,4;65;3;Steel;Low;1
62,0;129,1;5,1;56;3;PVC;High;0
59,8;122,1;4,4;65;27;PVC;Low;0
66,6;137,5;4,8;84;29;Cast Iron;Medium;1
50,9;126,1;4,4;65;18;PVC;High;1
55,3;114,2;4,5;61;29;Steel;High;0
50,2;135,5;5,8;84;26;PVC;Medium;1
58,7;102,1;3,5;70;19;HDPE;High;1
62,2;111,5;4,3;66;19;Steel;Low;0
63,1;90,4;3,4;81;21;HDPE;Low;0
72,6;115,2;4,6;55;5;PVC;Low;0
54,9;100,7;3,9;73;18;PVC;Medium;1
65,5;133,0;5,3;76;28;PVC;Medium;0
51,7;128,4;4,8;69;10;PVC;Low;1
64,0;123,8;4,3;74;29;Steel;Low;0
66,1;98,5;3,4;51;22;Cast Iron;Medium;0
54,7;111,7;4,2;58;21;Cast Iron;Low;1
60,3;110,0;4,2;77;6;Steel;Medium;1
55,4;120,9;4,4;52;1;Steel;Medium;1
51,0;93,2;4,1;69;5;Steel;Medium;1
61,7;91,0;3,7;55;9;PVC;Medium;1
68,3;97,9;3,0;82;12;Cast Iron;High;0
63,6;105,1;3,9;50;26;Steel;Medium;1
64,0;117,3;4,0;55;14;HDPE;Medium;0
72,7;111,3;4,7;83;2;PVC;Medium;0
50,9;111,5;3,5;64;17;HDPE;Low;0
66,7;132,0;5,0;75;14;HDPE;Low;0
57,0;137,4;5,1;63;26;Cast Iron;Low;1
51,8;132,0;5,1;56;13;HDPE;Low;1
67,4;89,3;3,4;80;27;HDPE;Medium;0
61,3;113,5;4,8;73;9;Cast Iron;High;1
57,7;113,0;4,5;80;26;PVC;Low;0
60,3;104,3;3,3;78;25;HDPE;Low;0
67,4;133,2;5,4;81;15;PVC;High;0
58,2;109,5;4,1;66;25;Steel;Low;0
66,8;93,0;3,9;63;22;Cast Iron;Medium;0
63,3;92,6;3,3;73;15;PVC;Medium;0
57,5;143,7;5,0;76;24;Cast Iron;Medium;1
55,9;109,9;3,7;74;11;PVC;Low;0
52,6;94,8;3,8;81;16;Cast Iron;Low;1
55,4;106,5;4,2;67;29;Steel;Low;1
63,6;85,1;3,0;67;17;Steel;Medium;0
52,0;124,3;3,8;75;26;PVC;Medium;1
66,9;91,2;3,7;58;4;Cast Iron;Low;0
66,3;95,1;2,9;84;1;Steel;Medium;0
64,9;113,1;4,8;57;8;PVC;High;0
65,5;124,3;4,2;69;17;Steel;Low;0
60,8;105,9;3,9;71;3;PVC;Medium;0
66,8;93,6;3,5;68;29;Cast Iron;Medium;0
64,8;110,2;4,2;79;20;PVC;Low;0
67,0;102,7;3,9;77;15;Steel;Low;0
60,7;121,9;4,6;84;15;HDPE;Medium;0
65,5;124,7;4,5;60;24;PVC;High;0
59,5;111,6;4,1;80;22;PVC;High;0
56,1;117,5;4,2;79;14;PVC;Medium;1
59,2;112,6;4,2;72;26;HDPE;Medium;0
63,5;130,3;4,3;68;28;PVC;Low;1
68,3;114,9;4,4;61;23;HDPE;Medium;0
59,9;116,8;4,3;64;14;PVC;Medium;0
61,8;127,3;5,0;80;24;PVC;Low;0
57,0;118,3;4,3;64;2;Steel;Medium;1
63,4;103,2;4,0;78;13;PVC;Medium;0
52,3;118,5;4,6;75;26;Cast Iron;Low;1
67,0;99,9;3,7;51;14;Cast Iron;High;1
56,0;119,4;4,5;69;27;Steel;Low;1
60,9;116,5;3,9;64;24;HDPE;Low;0
63,4;116,9;4,7;53;19;Cast Iron;Low;0
51,6;95,6;3,4;71;7;PVC;Medium;1
56,8;110,1;4,0;72;3;PVC;Medium;0
67,2;97,5;3,3;75;15;PVC;Low;0
65,8;119,2;4,2;60;23;Steel;Medium;0
63,6;110,8;4,6;77;14;PVC;Low;0
57,6;118,4;4,4;51;11;HDPE;Medium;0
66,9;116,6;4,2;57;15;Cast Iron;Medium;0
59,6;104,0;3,8;78;28;Cast Iron;Low;0
60,0;107,7;4,0;60;13;HDPE;High;0
54,9;116,1;4,5;67;18;PVC;Low;1
65,3;140,6;5,3;63;26;Steel;Low;1
60,8;110,8;4,2;59;6;HDPE;Medium;0
61,7;86,3;2,9;84;3;PVC;High;0
64,3;91,2;3,3;58;19;PVC;Low;0
66,3;94,8;3,6;84;15;Cast Iron;Low;0
65,8;103,6;3,8;60;25;Steel;Low;0
45,4;139,7;5,1;61;23;Steel;Medium;1
61,2;91,4;3,2;52;5;Cast Iron;Low;0
64,1;136,4;5,2;63;28;HDPE;Medium;1
68,6;113,5;4,3;77;10;HDPE;High;0
58,0;113,0;4,5;60;7;HDPE;Medium;0
69,5;117,1;4,4;74;25;PVC;Low;0
68,6;113,6;3,6;70;17;HDPE;Low;0
52,4;121,4;5,2;59;7;Steel;Low;1
63,8;88,6;3,3;64;22;HDPE;High;1
72,8;104,4;3,7;68;26;Cast Iron;Low;0
59,8;97,5;3,6;71;12;HDPE;Low;0
63,2;121,8;4,4;70;25;HDPE;Medium;1
70,5;117,4;4,1;81;17;HDPE;Low;0
64,4;113,2;4,4;72;13;HDPE;Medium;0
65,9;128,9;4,7;62;20;Steel;Low;0
64,7;105,6;3,9;54;25;PVC;High;0
64,9;88,9;2,5;53;4;HDPE;High;0
61,8;110,5;4,0;77;10;PVC;Medium;0
65,4;129,9;4,5;63;3;HDPE;High;0
65,4;114,1;4,1;57;9;HDPE;Low;0
63,9;101,6;3,8;58;13;Steel;Medium;0
63,8;110,0;3,9;84;18;Cast Iron;Medium;0
63,7;129,8;4,7;70;15;HDPE;Medium;1
68,3;99,3;3,7;67;4;Steel;Low;0
70,1;109,7;3,9;82;15;HDPE;Low;0
60,5;118,8;4,1;57;22;HDPE;Low;0
61,9;118,5;3,9;66;2;PVC;Low;0
64,5;107,0;4,1;80;15;PVC;Low;0
64,4;103,8;3,7;83;8;HDPE;Medium;0
63,3;105,8;3,4;55;8;HDPE;Low;0
58,9;110,7;4,5;71;17;PVC;Low;1
72,1;118,4;4,5;63;12;PVC;Medium;0
73,0;134,5;4,6;52;19;PVC;Medium;0
55,5;101,9;3,6;61;10;Cast Iron;High;1
66,7;130,3;5,1;61;9;PVC;Medium;0
66,1;108,1;3,9;51;5;HDPE;Low;0
60,2;103,7;3,7;51;6;PVC;High;0
53,5;124,4;4,8;64;20;HDPE;Medium;1
66,0;117,8;4,3;72;26;PVC;Low;0
62,9;124,0;5,0;78;2;PVC;Medium;0
64,4;122,4;4,4;66;27;HDPE;High;0
69,8;111,4;4,0;81;24;PVC;Low;0
59,5;133,6;5,0;56;27;PVC;Low;1
63,7;97,3;3,9;79;13;PVC;Low;0
58,7;110,1;4,2;77;6;PVC;Low;0
63,6;105,8;3,9;63;5;PVC;Low;0
68,2;102,2;3,5;79;25;PVC;Medium;0
52,3;113,9;3,9;66;1;Steel;Low;0
56,6;125,1;4,9;81;21;HDPE;High;0
69,3;121,4;4,8;55;22;HDPE;Medium;1
67,0;103,1;4,1;73;21;PVC;Medium;0
58,3;104,4;4,1;55;6;Cast Iron;High;0
71,0;104,8;4,0;76;6;HDPE;Low;0
68,6;111,4;4,3;67;23;PVC;Medium;0
71,3;92,9;3,5;73;16;HDPE;Medium;0
69,6;95,7;3,7;73;4;PVC;High;0
56,0;104,6;3,9;83;11;PVC;Medium;1
59,1;137,0;5,2;64;24;HDPE;Low;1
58,7;118,3;4,7;60;23;Cast Iron;High;1
58,4;118,4;4,0;71;9;HDPE;Low;0
62,0;114,8;4,6;73;23;Steel;High;0
63,8;103,7;3,8;50;3;Cast Iron;High;0
59,7;111,0;4,5;67;19;PVC;Low;1
56,0;100,9;4,1;61;8;PVC;Medium;1
57,0;135,2;4,7;77;5;HDPE;Low;0
61,8;129,8;4,8;56;4;HDPE;Low;0
63,9;114,6;3,7;72;24;HDPE;Medium;0
65,1;93,5;3,3;70;6;Cast Iron;Medium;0
62,2;105,5;4,0;83;2;Steel;High;0
67,5;94,0;3,7;60;20;HDPE;Medium;0
69,9;116,9;4,4;71;28;PVC;Medium;0
56,4;98,9;3,8;84;11;Steel;High;0
53,4;105,7;3,7;78;4;Cast Iron;High;1
63,8;103,5;3,8;77;15;Steel;Low;0
69,9;110,8;3,9;67;6;PVC;High;0
64,0;118,7;4,5;63;22;HDPE;Low;0
56,1;107,8;4,4;67;17;PVC;High;1
66,7;137,2;5,1;77;24;PVC;Low;0
71,6;122,3;4,1;73;6;PVC;Low;0
64,4;107,4;4,0;57;19;HDPE;Low;0
53,0;125,7;4,9;57;25;Steel;Medium;1
63,6;99,0;3,4;53;2;PVC;Low;0
67,8;101,9;4,1;76;15;HDPE;Low;0
56,6;113,1;4,0;54;11;HDPE;Medium;1
69,5;109,9;3,8;82;8;HDPE;High;0
62,8;100,5;3,2;83;26;PVC;Low;0
64,4;101,8;3,9;79;19;HDPE;Low;0
62,8;109,1;4,6;57;13;Steel;Low;0
67,5;115,5;4,4;75;12;PVC;Low;1
53,0;115,1;4,0;83;5;PVC;High;1
64,7;116,4;4,5;56;6;HDPE;High;0
62,3;125,0;4,9;77;26;Cast Iron;Medium;0
65,2;101,1;4,1;77;22;Steel;Low;0
65,1;127,3;4,3;63;4;Steel;Medium;0
60,1;123,1;5,0;53;19;HDPE;Medium;0
68,5;134,9;5,1;67;20;HDPE;High;0
65,2;135,0;5,5;74;1;PVC;Medium;0
63,4;100,1;3,8;56;20;HDPE;Medium;0
59,3;134,8;5,2;77;17;Cast Iron;Medium;1
67,6;117,4;4,1;54;12;HDPE;Low;0
62,7;100,6;4,0;52;15;Cast Iron;High;0
73,4;108,5;3,7;80;1;Steel;Medium;0
69,8;92,5;3,5;69;26;PVC;Medium;0
68,5;90,7;3,2;68;14;Cast Iron;Low;0
66,6;88,4;3,2;60;6;PVC;Medium;0
53,9;117,4;4,7;52;5;HDPE;Medium;1
67,6;119,5;4,3;72;11;PVC;Low;0
64,8;106,0;4,3;56;4;PVC;Low;0
67,8;123,6;4,5;72;13;HDPE;Medium;0
61,1;120,0;4,5;56;11;PVC;Medium;1
61,0;92,7;4,1;83;3;HDPE;Medium;1
56,7;108,3;4,0;68;1;HDPE;Low;0
56,4;95,0;3,5;58;6;PVC;Medium;0
47,4;132,1;4,9;67;18;PVC;Low;1
60,0;104,5;3,8;74;24;HDPE;Low;0
60,2;96,6;3,3;63;10;PVC;Low;0
52,0;123,0;5,2;74;5;Steel;Low;0
59,5;116,4;4,2;68;23;Steel;Low;1
70,8;107,4;3,5;64;10;Steel;Low;1
73,0;111,3;4,1;65;12;Steel;Low;0
55,8;129,9;4,9;76;2;HDPE;Low;0
65,3;123,9;4,5;59;13;Steel;Medium;0
60,2;118,6;4,4;53;8;PVC;Medium;1
67,9;99,7;3,6;68;2;PVC;Low;0
53,6;108,9;4,2;77;20;Steel;High;1
67,5;105,8;4,2;70;1;HDPE;Low;0
68,6;122,0;4,5;63;5;Steel;Medium;0
59,9;117,8;5,1;82;9;Steel;Low;0
55,1;114,4;4,5;59;17;Cast Iron;Low;1
66,3;121,7;4,5;68;9;Cast Iron;Medium;0
66,4;97,6;3,2;79;11;HDPE;Medium;0
63,5;111,3;4,2;71;15;PVC;High;1
64,6;91,1;3,6;52;24;HDPE;Medium;0
56,3;99,7;3,9;67;6;HDPE;High;1
66,8;98,0;3,1;60;23;HDPE;Low;0
44,3;123,8;4,6;51;3;Steel;Low;1
67,1;101,8;3,6;61;17;Steel;Low;0
69,3;120,2;4,9;55;5;HDPE;Low;0
60,8;101,3;3,8;78;28;PVC;Medium;0
56,1;115,0;3,6;79;12;HDPE;Medium;0
64,7;123,5;4,7;51;18;PVC;Low;0
64,7;111,0;3,5;58;14;Cast Iron;High;0
64,0;101,7;3,9;51;21;PVC;High;0
65,4;115,5;5,1;78;24;PVC;Low;1
70,6;104,3;4,3;82;11;PVC;Low;0
66,8;108,5;4,1;59;9;HDPE;Low;0
66,0;120,0;4,2;83;2;HDPE;Low;0
61,4;99,6;4,1;57;12;PVC;Low;0
66,6;128,6;5,0;82;3;PVC;Medium;1
62,9;121,9;4,4;55;3;HDPE;Low;0
64,6;105,1;3,7;68;1;PVC;Low;0
68,6;120,4;4,2;81;8;Steel;High;0
63,4;102,9;3,9;76;22;HDPE;Medium;0
56,3;132,3;4,8;50;28;HDPE;High;1
67,0;119,2;4,5;82;29;PVC;Low;0
65,6;107,0;4,2;81;8;Cast Iron;Low;0
67,0;101,1;3,6;54;11;HDPE;Medium;0
65,7;112,6;4,4;66;9;Steel;Low;0
65,5;132,6;5,3;57;5;PVC;Low;0
56,0;121,9;4,6;83;14;HDPE;Medium;1
60,3;104,4;4,1;58;28;PVC;Medium;1
60,3;123,2;4,7;72;3;HDPE;Low;0
59,6;117,6;4,4;84;21;Cast Iron;Medium;1
60,2;126,7;4,9;56;5;HDPE;Low;0
64,2;130,4;5,3;64;5;PVC;Low;0
55,2;88,4;3,5;69;19;PVC;Low;1
62,4;111,1;4,1;74;27;HDPE;Low;0
54,9;103,2;3,8;52;14;PVC;Low;0
67,0;99,5;3,6;73;26;PVC;High;0
59,8;92,4;3,7;83;4;Steel;Medium;0
61,4;83,1;2,9;71;25;HDPE;Medium;0
60,6;107,2;3,7;60;13;PVC;Low;0
54,0;112,7;4,3;57;10;Cast Iron;Low;1
67,8;98,8;3,7;84;25;PVC;Low;0
65,0;115,6;4,7;57;18;Cast Iron;Low;1
60,2;101,4;3,1;76;8;PVC;Low;0
72,0;118,8;4,5;77;8;Cast Iron;Medium;0
63,3;105,0;3,8;83;7;HDPE;Medium;0
64,0;122,7;4,8;81;8;Steel;Medium;0
55,4;114,6;4,2;64;14;Cast Iron;Medium;1
64,8;100,4;3,5;66;19;PVC;High;0
60,3;122,0;4,8;82;29;Cast Iron;Low;1
59,2;127,7;5,1;65;6;HDPE;Low;0
55,8;119,8;4,4;78;1;HDPE;Low;0
63,2;105,0;3,9;58;23;PVC;Medium;1
66,0;112,8;4,6;82;15;HDPE;High;0
66,7;81,6;3,4;78;1;PVC;Low;0
54,4;98,6;4,0;62;25;HDPE;High;1
52,9;106,2;3,8;70;17;HDPE;High;1
61,8;93,2;3,3;70;1;Steel;Low;0
66,3;126,5;5,2;54;15;Steel;Low;0
69,7;98,7;3,8;59;23;HDPE;Low;0
68,2;93,6;3,2;55;2;PVC;High;0
54,8;130,0;4,8;62;14;PVC;Low;1
61,5;106,6;4,0;50;21;PVC;Medium;0
66,8;102,5;3,8;69;8;PVC;Low;0
60,9;138,2;5,0;57;8;PVC;Medium;0
72,8;111,6;4,5;59;19;PVC;Low;0
50,2;135,8;5,2;58;7;Cast Iron;Medium;1
62,2;111,7;4,8;52;19;HDPE;High;0
59,0;106,7;4,3;60;6;PVC;High;0
65,2;103,2;3,9;61;6;HDPE;High;0
65,5;121,6;4,9;59;3;PVC;Low;0
72,3;119,8;4,5;74;7;HDPE;Medium;0
60,9;112,0;4,9;74;19;HDPE;Low;1
62,6;115,4;4,2;60;8;HDPE;Low;0
69,1;122,5;4,7;75;10;HDPE;Medium;0
53,7;111,2;3,9;63;20;Cast Iron;Low;1
62,7;98,2;3,5;50;15;Cast Iron;Medium;0
63,9;121,5;4,4;53;15;HDPE;High;0
59,4;84,2;3,5;79;29;HDPE;Low;0
72,0;115,9;4,4;61;1;HDPE;Medium;0
73,0;97,8;2,9;84;20;PVC;Low;0
64,7;119,5;4,5;62;7;HDPE;Low;0
60,9;136,8;4,8;80;27;PVC;Low;0
66,4;98,5;3,5;72;4;HDPE;High;0
60,0;104,3;4,2;53;29;HDPE;High;1
60,0;112,9;3,8;65;6;PVC;High;1
47,6;123,0;4,2;56;25;Cast Iron;High;1
55,7;125,7;4,2;71;1;Cast Iron;Low;1
66,8;121,4;4,4;78;29;Steel;Low;1
58,4;103,6;3,3;60;5;HDPE;Medium;0
61,3;105,5;3,4;82;27;Cast Iron;Medium;0
50,2;104,6;3,8;78;23;PVC;Low;1
68,1;116,6;4,4;61;1;Steel;Low;0
69,6;129,9;4,5;56;4;PVC;Medium;0
67,6;107,1;4,1;75;22;Steel;Medium;0
57,5;102,0;3,8;58;2;PVC;Low;0
64,6;103,9;4,0;83;10;Cast Iron;Medium;0
51,4;109,4;3,7;62;5;Cast Iron;Medium;1
53,1;100,4;4,3;74;27;PVC;Medium;1
57,3;90,4;3,0;73;10;HDPE;Low;1
56,8;107,8;3,8;66;1;Cast Iron;Medium;0
62,8;107,2;4,1;51;22;HDPE;Low;0
66,6;117,6;4,4;62;6;Cast Iron;Low;0
52,8;116,7;4,6;80;13;HDPE;Medium;1
65,5;94,1;3,4;78;15;HDPE;Medium;0
74,1;110,1;3,7;77;4;PVC;Low;0
65,3;108,0;3,5;76;13;PVC;Medium;1
52,1;125,1;5,2;64;24;Steel;Medium;1
57,9;93,3;3,4;80;20;HDPE;Medium;1
71,6;87,7;3,2;64;24;HDPE;Medium;1
64,2;93,3;4,0;82;15;HDPE;Medium;0
53,3;116,9;4,2;69;29;HDPE;Medium;1
72,1;104,1;3,9;61;8;Cast Iron;Low;0
65,4;111,7;3,8;58;5;Cast Iron;Low;0
57,9;115,5;3,9;72;29;HDPE;Low;1
63,2;96,8;4,2;57;15;Steel;Medium;0
66,8;122,4;5,1;81;4;Steel;Medium;0
58,6;140,9;5,5;63;12;HDPE;Low;1
70,7;122,6;4,8;76;13;Cast Iron;Low;0
62,8;117,5;4,6;74;2;PVC;Medium;0
62,4;115,5;4,1;62;27;PVC;Low;0
59,5;104,5;4,0;70;19;Cast Iron;Medium;0
62,6;112,0;4,0;80;19;HDPE;Low;0
69,1;101,1;3,0;54;4;Steel;Medium;0
64,4;94,3;3,8;62;4;Cast Iron;High;1
62,4;83,5;3,3;77;26;PVC;Low;0
59,3;113,0;3,8;74;11;Cast Iron;Medium;0
63,4;106,3;3,8;84;27;HDPE;Low;0
60,2;97,9;3,9;56;5;HDPE;Medium;0
64,0;106,0;4,0;81;20;HDPE;Medium;0
50,0;89,3;2,8;52;11;Cast Iron;Low;1
64,9;116,9;4,0;71;10;PVC;Medium;0
68,6;112,0;4,7;57;8;HDPE;High;0
61,7;122,3;4,5;66;6;Steel;Low;1
65,8;112,9;4,5;76;6;Steel;Low;0
58,7;137,5;5,6;82;8;Steel;High;1
69,1;108,0;3,9;66;23;PVC;Medium;0
59,9;114,6;4,4;61;15;PVC;High;0
61,6;137,2;4,5;76;26;HDPE;Medium;1
66,6;101,0;3,6;57;14;Steel;High;0
60,6;111,6;4,3;72;11;PVC;Low;0
75,0;106,9;3,9;78;12;PVC;Medium;0
53,6;127,1;4,8;69;26;Cast Iron;High;1
42,3;143,2;5,6;65;13;PVC;Medium;1
48,9;140,5;5,4;66;8;Cast Iron;Low;1
53,2;114,5;4,3;65;18;Steel;Low;1
61,6;107,2;4,0;68;25;Steel;Low;0
65,3;101,0;3,6;57;1;PVC;Low;0
64,0;105,5;3,6;78;15;PVC;Low;0
62,4;100,4;4,1;75;8;Steel;Medium;0
67,6;108,8;4,3;80;28;Steel;Medium;0
69,3;104,7;3,6;61;11;Steel;Low;0
61,7;107,4;4,0;66;12;PVC;Medium;0
71,2;112,9;3,8;64;12;Steel;Low;0
60,3;104,9;3,7;58;4;Steel;Low;0
53,9;120,5;4,6;61;16;Steel;Low;1
62,9;117,8;4,4;81;4;Steel;Medium;1
62,0;93,9;3,5;74;5;Steel;Low;0
65,2;104,8;3,6;67;24;HDPE;Low;0
52,7;112,0;3,8;64;5;PVC;Low;0
63,5;113,2;4,5;81;8;HDPE;High;0
69,4;116,6;4,8;55;10;PVC;Low;0
69,4;97,0;3,8;84;17;HDPE;Medium;0
64,9;96,9;3,5;83;28;HDPE;Medium;0
55,4;97,6;4,0;54;26;PVC;Medium;0
61,8;120,6;4,2;67;9;PVC;High;0
61,7;117,1;4,7;65;22;PVC;Low;1
70,5;92,3;3,2;57;19;Steel;Low;0
60,3;148,1;5,3;74;29;Cast Iron;High;1
54,8;93,2;3,4;81;14;PVC;Medium;1
62,8;113,6;4,2;75;8;Cast Iron;Medium;0
60,5;115,9;4,6;71;9;HDPE;Medium;0
61,1;95,6;3,2;80;22;PVC;Medium;0
56,8;117,6;4,2;59;11;PVC;High;0
57,0;98,5;3,7;61;23;HDPE;High;1
63,6;113,0;4,4;77;1;Steel;Medium;0
46,9;96,5;3,1;55;14;Steel;Low;1
65,5;123,2;4,3;69;5;PVC;High;0
50,1;123,5;4,0;54;21;PVC;Low;1
61,6;91,7;3,2;72;26;HDPE;Low;0
70,5;120,9;4,3;58;14;PVC;High;0
65,2;129,9;5,0;78;4;PVC;Low;0
56,1;100,6;3,0;65;22;PVC;Low;1
66,6;110,7;4,3;71;23;Steel;Low;0
60,3;104,5;3,7;57;25;Cast Iron;High;0
68,5;92,2;3,3;69;1;HDPE;Medium;0
72,2;98,1;3,9;63;22;Cast Iron;Medium;0
57,9;109,6;4,5;83;23;PVC;Low;1
75,7;103,5;3,6;60;19;HDPE;Medium;0
57,3;105,9;3,7;82;8;PVC;Medium;0
56,6;103,5;3,7;80;15;HDPE;Low;1
61,1;113,2;4,0;83;21;Cast Iron;Low;0
65,4;114,3;3,8;56;15;HDPE;Low;0
52,1;102,8;3,8;72;9;HDPE;High;1
74,0;107,2;3,8;56;21;HDPE;Medium;0
65,5;118,6;4,4;74;9;PVC;High;0
64,2;110,8;4,6;52;10;Cast Iron;Low;0
69,7;113,8;4,2;69;20;HDPE;Medium;0
59,5;113,2;4,0;83;25;HDPE;Medium;1
60,0;117,1;4,3;79;21;HDPE;Medium;1
65,7;112,1;4,2;66;26;HDPE;High;0
58,0;114,8;4,2;59;9;PVC;Low;1
57,6;121,6;4,3;84;3;Steel;Low;0
59,6;117,9;3,9;69;20;PVC;Medium;1
60,7;104,0;4,0;67;25;Steel;Medium;0
52,1;132,1;4,6;76;26;Steel;Medium;1
63,2;107,9;4,4;72;11;Steel;Low;0
51,6;127,2;4,6;81;6;HDPE;Medium;1
50,8;121,3;4,3;59;2;HDPE;Low;1
58,5;112,9;4,0;60;7;PVC;Low;1
54,1;105,6;4,0;55;18;Steel;Medium;1
53,9;113,4;3,9;83;27;PVC;Medium;1
67,7;99,3;3,5;66;2;HDPE;Low;0
65,4;112,8;4,4;61;27;PVC;Low;0
67,1;122,6;4,2;70;17;PVC;Low;0
62,4;117,7;4,5;68;11;HDPE;Low;0
46,1;103,7;4,1;52;27;PVC;Medium;1
68,2;105,5;4,1;67;12;Steel;High;0
63,1;103,6;3,9;68;27;PVC;Low;0
60,0;92,3;2,9;55;19;PVC;Medium;0
60,0;112,7;3,8;65;22;HDPE;High;0
65,5;108,0;3,6;57;24;PVC;High;1
57,9;158,6;5,8;67;25;PVC;Low;1
69,8;102,4;3,8;61;7;Steel;High;0
52,6;110,1;3,7;59;20;PVC;Low;1
64,3;100,9;3,7;56;6;Steel;Low;0
59,6;102,2;4,0;50;21;PVC;Low;0
62,6;128,2;4,4;70;24;PVC;Medium;1
63,4;123,5;4,3;73;1;Steel;Low;1
68,7;152,0;6,0;74;17;PVC;Low;0
64,1;90,3;3,1;56;29;PVC;Low;0
60,5;112,0;4,3;66;11;HDPE;High;1
60,4;107,3;4,3;78;22;PVC;High;0
54,0;117,2;4,0;79;26;Steel;Low;0
57,0;132,2;4,6;56;28;PVC;High;1
56,4;128,3;4,7;82;18;Steel;High;1
62,2;94,8;3,5;56;21;Cast Iron;Medium;0
48,8;118,9;4,2;73;17;HDPE;Low;1
68,6;83,2;3,7;60;7;Cast Iron;Medium;0
57,6;93,5;3,6;58;17;HDPE;High;1
66,3;108,2;3,8;61;20;Cast Iron;Medium;0
71,1;114,0;3,8;84;9;PVC;Low;0
62,9;119,5;4,4;53;17;Steel;Medium;0
60,2;139,2;5,3;77;20;HDPE;Medium;1
74,3;111,9;4,7;62;22;HDPE;Medium;0
69,1;111,1;4,1;72;22;HDPE;Low;0
60,5;125,0;4,6;68;28;Steel;Low;1
62,1;106,5;3,7;73;29;PVC;High;1
63,8;114,4;4,3;65;8;PVC;High;0
51,0;133,8;5,3;82;17;Steel;Low;1
56,1;105,9;3,4;61;7;Steel;High;1
54,0;127,1;4,7;83;1;Cast Iron;Low;1
61,5;142,0;5,0;56;13;Steel;Medium;0
48,3;149,7;5,1;60;23;Cast Iron;Medium;1
46,7;106,8;4,5;80;19;Steel;High;1
59,4;150,4;5,8;78;27;PVC;High;1
54,0;118,8;4,2;62;24;PVC;Low;1
66,6;115,0;4,2;80;19;Steel;High;0
51,9;117,9;4,3;51;29;HDPE;Low;1
58,4;123,2;4,2;64;17;PVC;Medium;0
56,4;114,2;4,1;60;13;HDPE;Medium;1
67,3;105,0;4,1;83;29;Cast Iron;Medium;0
49,6;122,2;4,4;53;16;HDPE;Low;1
55,1;119,2;4,6;60;8;HDPE;High;0
57,5;128,5;4,6;78;19;HDPE;Low;1
51,7;117,2;4,0;51;18;PVC;Low;1
61,9;88,6;3,6;65;1;HDPE;Medium;0
54,9;107,3;3,3;62;14;HDPE;Medium;0
51,8;117,7;4,9;66;19;PVC;High;1
69,9;107,0;4,3;70;15;Steel;Low;0
59,4;108,4;4,1;68;18;HDPE;Low;0
64,0;96,7;3,4;56;2;Steel;High;0
59,4;96,7;3,5;57;22;Cast Iron;Medium;1
63,9;115,0;4,3;62;28;PVC;Low;0
62,0;115,4;4,3;51;17;Steel;Medium;0
69,2;109,8;3,8;60;18;HDPE;Medium;0
66,6;117,9;4,4;73;6;Cast Iron;Medium;0
63,5;110,8;4,2;55;19;PVC;Medium;1
54,1;128,2;4,7;75;4;Steel;High;1
61,9;131,8;5,6;56;1;HDPE;High;0
71,1;106,9;3,9;68;8;PVC;Medium;0
52,2;142,6;4,8;55;29;PVC;Low;1
56,3;120,2;4,2;78;23;Steel;High;1
53,6;102,3;4,0;51;7;Steel;Medium;0
55,3;127,4;4,5;68;3;PVC;Medium;1
64,2;117,8;4,1;53;10;HDPE;Low;0
64,5;122,7;5,0;55;10;HDPE;High;0
50,5;118,5;4,4;77;19;Steel;Medium;1
65,6;107,4;3,8;79;14;PVC;Low;0
64,7;134,4;4,1;56;2;Cast Iron;Low;0
65,5;100,7;3,9;58;28;PVC;High;0
67,6;80,6;3,0;74;1;HDPE;Low;0
67,8;119,8;4,8;82;23;PVC;High;0
57,4;111,6;3,8;50;23;PVC;Medium;0
59,7;120,0;4,3;55;28;HDPE;Medium;0
53,8;103,8;3,9;67;18;PVC;Low;1
69,3;108,0;4,4;59;7;Steel;Low;0
56,6;115,4;4,4;77;29;PVC;High;1
52,9;134,2;4,8;60;8;HDPE;Low;1
63,1;117,5;4,7;82;1;PVC;Medium;0
66,4;113,3;4,1;50;25;PVC;Low;0
71,5;108,2;4,1;62;23;PVC;Low;0
65,0;99,6;3,9;69;3;HDPE;Low;0
64,4;120,1;4,9;50;24;HDPE;Medium;0
58,4;121,6;4,6;52;23;HDPE;High;0
70,6;140,2;6,0;67;27;HDPE;Low;0
67,0;125,4;4,6;63;29;HDPE;Low;0
63,5;113,5;4,3;80;8;PVC;Low;0
60,1;112,2;4,0;76;22;HDPE;Medium;0
59,2;108,4;4,1;66;25;Cast Iron;Low;0
51,0;139,0;5,2;78;15;HDPE;High;1
65,6;109,6;4,4;75;5;Steel;Medium;0
66,6;105,8;4,1;66;3;PVC;Medium;0
67,0;110,2;3,9;71;19;Steel;Low;1
74,7;108,4;4,1;74;1;Steel;High;0
60,7;102,0;3,6;51;28;HDPE;Low;1
61,6;121,7;4,7;71;15;Cast Iron;Low;1
60,3;100,8;3,6;54;8;PVC;Medium;0
65,6;104,4;3,4;53;2;PVC;Medium;0
61,4;114,2;3,9;55;3;Steel;Low;0
66,8;119,5;4,1;70;24;Steel;Low;0
49,2;115,5;4,1;62;14;PVC;Medium;1
53,5;102,1;3,5;74;24;PVC;Low;0
61,8;107,7;4,0;75;14;PVC;High;0
71,4;104,5;3,8;69;11;PVC;Medium;0
61,5;116,1;4,5;82;16;Steel;Low;1
67,0;102,3;3,9;63;4;HDPE;Medium;0
66,7;111,7;4,0;66;20;PVC;Low;0
62,3;116,2;4,7;70;5;HDPE;Medium;0
65,2;116,9;4,1;65;22;PVC;Medium;0
66,4;116,7;4,6;65;21;PVC;Low;0
59,7;106,1;4,0;69;14;HDPE;Medium;0
56,9;128,7;4,6;78;23;Cast Iron;High;1
60,8;139,2;5,5;77;16;Steel;Low;1
63,5;119,6;4,6;57;18;PVC;High;0
62,7;124,2;4,3;73;7;Cast Iron;Low;0
63,4;104,0;4,0;52;10;Steel;Low;0
72,2;104,8;4,0;74;7;Steel;Low;0
56,8;126,0;5,0;68;1;HDPE;Low;1
68,5;105,7;4,1;82;23;HDPE;Low;0
64,6;79,3;3,1;51;21;PVC;Low;0
53,0;124,5;4,5;64;19;PVC;High;1
61,9;122,7;4,5;71;16;PVC;High;1
56,1;117,3;4,3;59;29;PVC;Medium;1
66,3;110,5;3,6;67;19;HDPE;Low;0
60,7;109,8;4,5;71;4;Steel;Low;0
69,0;85,3;2,8;76;29;HDPE;Low;0
61,7;108,9;4,1;62;28;PVC;Medium;0
65,2;93,3;3,4;82;18;Cast Iron;High;0
62,0;103,1;3,7;54;2;Cast Iron;Low;0
72,5;91,7;3,6;75;1;Steel;Low;0
64,5;94,1;3,3;62;15;Cast Iron;Medium;0
73,6;102,3;3,9;76;5;HDPE;Low;0
59,8;120,8;4,6;63;20;Cast Iron;Low;0
77,2;106,2;3,7;73;11;PVC;Medium;0
63,5;98,4;3,9;52;10;HDPE;Medium;0
66,6;116,1;4,7;79;2;PVC;Low;0
62,8;112,1;4,8;84;3;PVC;Low;0
49,8;92,9;3,4;63;23;PVC;High;1
58,8;121,0;4,5;61;23;HDPE;Low;0
64,5;110,0;4,2;77;12;Steel;Low;0
67,0;117,4;4,5;78;20;HDPE;Low;0
66,5;109,9;4,6;66;5;PVC;Low;1
54,3;136,9;5,2;70;5;Steel;Low;1
63,7;105,5;4,1;72;6;HDPE;High;0
65,5;77,1;2,5;69;9;HDPE;Low;0
58,4;93,4;4,1;60;2;Steel;Low;0
49,7;137,8;5,0;83;21;PVC;Medium;1
57,4;107,8;3,2;59;12;PVC;Medium;0
64,0;108,0;3,3;59;3;Cast Iron;High;0
56,1;101,3;3,9;55;20;PVC;High;1
63,2;108,1;3,6;73;26;HDPE;Low;0
58,8;109,5;4,1;61;22;Cast Iron;Medium;0
60,3;112,5;3,7;72;12;Steel;Medium;1
64,8;119,4;4,5;76;24;PVC;High;0
66,4;112,1;4,3;55;17;PVC;Medium;0
53,6;114,9;4,3;50;10;PVC;High;1
51,9;112,8;4,0;55;24;HDPE;Medium;1
65,5;128,2;5,0;71;27;HDPE;Low;1
60,2;147,5;5,3;73;14;PVC;Medium;1
70,6;140,5;5,1;74;23;Cast Iron;High;1
68,6;117,9;4,2;64;17;HDPE;High;0
61,5;95,6;3,5;75;18;PVC;Low;1
62,6;86,6;3,8;57;19;HDPE;Medium;0
55,6;117,8;4,4;73;17;Steel;Low;1
61,7;114,7;3,9;55;14;PVC;Low;1
64,2;111,7;3,8;84;9;PVC;Low;0
66,6;116,3;4,2;50;8;Steel;Low;0
57,3;88,6;3,0;61;2;HDPE;High;0
62,4;126,6;5,0;60;13;HDPE;Low;0
52,8;138,5;4,7;61;25;HDPE;High;1
65,6;98,6;3,6;56;7;PVC;Low;0
66,2;83,0;3,4;60;9;PVC;Low;0
56,8;115,5;4,1;80;22;HDPE;Low;1
63,5;128,1;4,9;82;22;PVC;Low;0
72,1;110,3;4,1;62;11;PVC;Low;0
54,5;118,2;4,4;67;14;Steel;Low;0
58,2;97,0;3,7;73;4;Cast Iron;Medium;0
71,4;114,2;3,7;58;26;Steel;Low;0
58,1;120,6;4,8;80;26;Cast Iron;Low;0
61,5;111,5;3,6;59;29;PVC;Low;1
69,1;112,6;4,5;51;13;Cast Iron;High;0
66,2;96,3;3,7;64;2;PVC;High;0
64,9;138,2;5,3;52;23;Cast Iron;Medium;0
58,7;101,3;4,2;80;5;Cast Iron;Low;1
75,9;115,7;4,6;55;11;Steel;Low;0
74,1;102,8;4,1;52;6;Cast Iron;High;0
62,5;109,7;4,0;60;18;HDPE;Low;0
68,6;124,8;4,5;64;21;PVC;Low;0
68,5;99,9;4,0;77;10;HDPE;Low;0
66,0;110,3;4,2;59;4;HDPE;Low;0
55,9;93,8;3,6;56;9;PVC;Low;0
65,5;124,0;4,6;64;6;HDPE;Medium;0
65,3;114,8;4,1;67;2;Cast Iron;Low;0
62,3;120,7;4,1;67;17;PVC;Medium;0
63,1;118,6;4,6;73;5;Steel;Low;0
67,4;137,9;5,1;51;25;Cast Iron;Low;0
52,6;143,8;5,3;69;6;Cast Iron;High;1
62,4;107,3;3,4;83;26;Cast Iron;Low;0
69,0;119,2;4,4;75;12;HDPE;High;0
52,8;111,3;3,7;56;23;Cast Iron;Medium;1
63,7;126,6;4,6;79;21;Steel;Low;0
70,8;117,9;4,6;54;10;PVC;High;0
62,7;106,6;4,0;60;22;HDPE;Low;1
51,4;127,0;4,7;50;21;Steel;High;1
64,2;119,3;4,2;83;27;PVC;Low;0
58,3;89,0;3,1;50;25;HDPE;High;0
65,1;111,8;4,6;68;6;Steel;Low;0
64,0;110,7;4,3;51;27;PVC;Medium;0
66,1;116,1;4,2;70;8;HDPE;Medium;0
59,7;93,8;3,4;69;2;Steel;High;0
50,9;99,3;3,8;72;12;HDPE;High;1
68,0;100,5;3,9;70;13;PVC;High;0
66,9;102,8;3,8;73;25;PVC;High;1
57,8;118,1;3,8;53;21;HDPE;Low;0
58,2;112,4;4,2;61;7;Cast Iron;Low;0
61,7;121,5;4,5;71;10;PVC;Low;1
63,3;97,6;4,2;69;13;HDPE;Low;0
58,8;100,7;4,5;67;17;PVC;Low;0
50,8;107,9;4,2;50;26;PVC;Medium;1
65,8;107,8;3,8;79;21;Steel;Low;0
66,9;105,4;4,1;82;28;Steel;Medium;0
64,7;117,0;3,8;73;26;PVC;Low;0
68,1;120,7;4,3;63;14;HDPE;Low;0
62,9;98,3;3,2;54;2;PVC;Medium;0
68,5;103,5;4,0;60;28;HDPE;Medium;0
64,0;110,3;3,7;73;22;Steel;Medium;0
49,6;126,6;4,6;80;11;PVC;Medium;1
74,3;112,5;4,2;62;1;PVC;Low;0
62,1;108,5;4,0;65;19;HDPE;Medium;0
53,3;125,4;4,5;73;21;Cast Iron;Low;0
67,5;91,4;3,5;62;4;Cast Iron;Low;0
71,1;123,1;4,2;73;19;PVC;Low;0
64,8;111,7;4,7;75;26;Steel;Low;0
57,8;101,1;3,4;51;29;HDPE;Low;1
74,2;79,7;3,0;65;21;HDPE;High;0
58,2;107,4;4,2;50;11;Steel;High;1
64,6;124,4;4,8;60;8;Cast Iron;Low;0
71,2;121,3;4,7;84;11;Cast Iron;Low;0
73,2;114,7;3,8;78;4;HDPE;Low;0
65,1;104,2;3,6;66;17;HDPE;Low;0
76,2;96,1;3,6;77;27;Steel;High;0
57,0;116,3;4,5;78;7;PVC;Low;1
69,0;100,9;4,1;52;8;HDPE;Medium;0
66,6;126,3;4,5;59;3;HDPE;Low;0
56,9;98,5;3,4;63;22;Steel;High;1
73,6;124,4;4,4;61;2;PVC;Low;0
49,1;143,2;6,0;79;23;PVC;Medium;1
72,4;113,3;4,6;81;15;Cast Iron;Low;0
67,1;101,2;3,7;81;24;PVC;Medium;1
68,7;91,2;3,8;81;22;HDPE;Low;0
64,9;115,9;4,1;75;22;PVC;Low;0
66,7;109,6;4,3;50;5;PVC;High;0
51,3;129,8;4,4;51;24;PVC;High;1
63,9;123,3;4,7;66;1;PVC;High;0
63,7;97,7;3,9;79;26;Cast Iron;Medium;0
55,8;104,8;3,8;56;4;PVC;High;0
66,2;97,1;3,8;76;15;Cast Iron;Low;0
61,4;126,2;4,5;58;20;HDPE;Low;1
54,5;101,8;3,9;71;19;HDPE;Low;1
67,6;115,9;4,1;83;3;HDPE;Medium;0
63,5;128,2;5,0;50;20;HDPE;Low;1
65,1;114,9;3,9;58;11;Steel;Low;0
63,4;100,3;3,4;69;17;PVC;Medium;0
66,8;109,7;4,5;68;27;HDPE;High;0
56,6;103,4;3,1;53;13;Cast Iron;Low;0
67,9;112,8;4,0;58;11;Cast Iron;Low;0
64,2;120,9;4,4;71;2;Cast Iron;Low;0
69,2;104,2;4,0;67;9;HDPE;Low;0
66,1;101,3;3,6;61;26;Steel;Low;0
63,2;111,0;3,8;58;2;HDPE;Medium;0
63,4;97,4;4,0;55;21;HDPE;Medium;1
66,6;104,3;4,2;68;9;PVC;Medium;0
71,1;106,0;3,8;56;9;HDPE;Low;0
62,8;123,5;4,0;65;8;PVC;High;0
65,3;98,5;3,7;54;17;PVC;Low;0
58,7;134,5;5,0;65;1;Cast Iron;Medium;0
67,4;84,4;2,9;50;25;PVC;High;0
56,2;139,0;4,6;68;29;PVC;Low;1
66,3;122,5;4,5;66;11;PVC;Low;0
54,6;105,1;4,1;75;8;Cast Iron;High;1
60,9;87,4;3,5;71;10;HDPE;Low;0
63,2;118,1;4,4;57;25;HDPE;Medium;0
55,1;124,3;4,4;82;7;Steel;Low;1
68,9;99,6;3,9;51;3;Steel;Medium;0
50,4;135,2;4,7;79;3;PVC;Low;0
61,3;96,6;3,2;69;18;Steel;Low;1
52,5;119,2;4,4;67;5;Steel;Medium;1
60,1;108,0;4,5;59;12;Steel;Low;0
61,4;78,4;3,4;73;12;PVC;Low;0
69,9;110,8;3,7;53;19;Cast Iron;Low;0
68,6;101,3;3,6;53;6;HDPE;Low;0
64,3;113,2;4,9;62;2;PVC;Low;0
59,6;130,3;4,6;74;12;HDPE;Low;1
49,5;123,7;5,1;62;19;PVC;High;1
65,3;111,8;4,4;67;5;PVC;Low;0
57,3;117,2;4,7;73;12;Steel;Medium;0
63,5;106,0;3,8;51;27;PVC;Low;0
70,6;96,1;3,4;82;27;HDPE;Low;0
62,7;123,8;4,3;68;17;HDPE;High;1
50,5;133,3;5,2;58;29;PVC;Low;1
50,4;116,7;3,8;77;17;Cast Iron;High;1
63,6;126,6;4,6;84;10;PVC;Low;1
55,4;109,7;4,6;59;25;PVC;Medium;0
66,8;117,9;4,5;50;23;PVC;Medium;0
56,7;122,0;4,8;70;17;PVC;High;1
55,4;82,5;2,6;58;15;PVC;Medium;0
55,4;135,2;4,7;64;12;Steel;Medium;1
64,8;118,8;4,8;84;16;Cast Iron;Low;0
68,7;95,7;3,6;54;24;PVC;Low;0
67,1;127,2;4,4;71;19;Steel;High;0
63,8;77,0;3,0;72;8;Steel;Low;0
56,3;132,3;4,7;56;21;Steel;Low;1
63,1;111,2;4,9;72;17;HDPE;Medium;0
64,5;102,7;4,0;74;23;PVC;Low;0
62,2;114,8;4,0;76;5;PVC;High;0
63,0;121,6;4,8;55;22;Steel;Medium;0
62,3;88,3;3,8;83;16;Steel;Medium;0
66,4;131,1;4,9;58;6;PVC;High;0
70,4;114,1;4,0;82;8;HDPE;Low;0
60,3;130,0;4,8;55;25;Cast Iron;Low;1
60,0;122,0;4,3;80;18;Steel;Medium;0
62,3;110,1;4,0;83;25;Cast Iron;Low;0
63,3;104,5;3,5;78;12;Steel;Medium;0
49,1;124,7;4,9;63;15;HDPE;High;1
55,6;126,5;4,3;64;27;HDPE;Low;0
55,5;104,2;4,0;57;26;Steel;Low;1
63,3;105,2;3,8;75;9;PVC;High;0
65,3;91,8;3,5;70;13;HDPE;Low;0
60,8;105,0;3,7;77;26;Steel;Medium;0
65,8;103,9;3,9;53;15;PVC;Low;0
48,1;116,2;4,4;65;10;Steel;High;1
56,5;143,7;5,2;71;16;HDPE;Medium;1
61,7;104,8;3,4;61;7;Cast Iron;Medium;0
54,1;113,7;4,3;65;17;PVC;High;1
60,3;119,6;4,5;78;23;PVC;Low;1
61,5;111,4;3,7;67;26;HDPE;Low;1
63,9;142,4;5,0;59;21;PVC;High;0
57,3;87,1;3,1;67;22;Steel;Low;0
60,9;119,8;3,7;50;26;Steel;Medium;1
64,5;134,3;5,2;70;7;PVC;High;0
57,3;115,6;4,1;50;14;HDPE;Medium;0
68,5;110,6;4,2;64;15;HDPE;Medium;0
66,6;87,7;2,9;53;21;HDPE;High;0
68,4;122,2;5,1;69;7;Cast Iron;High;0
72,9;123,9;4,2;59;9;Steel;Low;0
57,4;106,9;3,8;72;19;Steel;Low;1
62,9;101,6;4,1;83;16;Steel;Low;0
58,6;98,0;3,3;82;8;HDPE;Medium;0
58,0;80,9;3,0;83;18;Cast Iron;Medium;1
60,1;93,2;3,6;59;27;Steel;Medium;0
56,0;123,6;4,1;69;23;Steel;Low;1
56,5;121,7;4,3;50;29;Cast Iron;Medium;1
63,3;105,8;4,0;62;18;PVC;Low;0
68,5;126,8;4,8;50;20;Steel;Medium;0
67,8;127,0;4,5;54;7;PVC;Medium;0
59,0;114,0;4,8;65;3;PVC;Low;0
66,6;104,6;4,0;64;18;PVC;Low;0
61,1;119,4;4,7;77;27;Cast Iron;Medium;1
60,8;120,1;4,7;80;10;Cast Iron;Medium;1
65,0;92,2;2,9;72;7;Steel;Low;0
62,3;116,3;4,3;66;17;Steel;High;1
63,9;125,2;4,6;83;14;HDPE;Medium;1
58,5;139,8;5,1;62;24;Cast Iron;High;1
60,4;121,9;4,6;63;3;HDPE;Low;0
60,5;111,6;3,5;60;12;HDPE;Medium;1
47,8;141,7;5,3;77;28;PVC;High;1
61,6;117,0;4,2;81;13;Steel;Medium;1
58,1;116,3;3,7;84;2;Steel;Medium;1
67,9;133,8;5,1;80;3;HDPE;Low;0
60,9;124,9;4,3;66;5;PVC;Low;0
62,6;129,2;4,7;58;11;Steel;Low;0
60,0;94,6;3,4;59;8;PVC;Low;1
59,0;116,1;3,7;57;26;Steel;Low;1
63,9;101,9;3,3;70;23;Cast Iron;Low;0
62,4;112,1;4,3;62;23;HDPE;High;1
64,2;135,3;4,8;54;12;PVC;Low;0
71,3;95,4;3,4;55;7;Steel;Medium;0
57,3;113,1;4,2;79;15;Steel;High;0
64,1;94,0;3,0;80;24;HDPE;Medium;1
59,9;135,1;4,9;66;17;Cast Iron;Low;0
57,3;90,4;3,3;60;4;PVC;Medium;0
63,1;114,6;4,8;69;29;HDPE;Medium;0
52,4;137,2;4,8;58;22;Steel;Medium;1
61,1;119,5;4,7;51;25;Cast Iron;Medium;0
58,6;93,7;3,5;50;13;PVC;High;0
51,9;119,6;4,1;53;18;Steel;Medium;1
57,3;130,6;4,6;74;1;HDPE;Low;1
67,9;120,7;4,7;52;16;HDPE;Medium;0
57,2;129,2;5,0;58;13;PVC;Low;1
65,9;122,1;4,4;71;10;Cast Iron;High;0
48,0;104,8;4,0;72;12;PVC;Low;1
65,7;90,5;3,0;61;2;PVC;Low;0
49,5;111,6;4,1;59;23;PVC;High;1
61,9;106,7;3,8;83;3;Cast Iron;Medium;0
54,9;101,9;4,1;59;10;Steel;Low;1
54,8;124,1;4,7;79;2;Steel;Medium;1
64,0;136,9;4,9;71;27;PVC;High;1
51,5;97,2;3,4;55;23;HDPE;Low;0
58,5;103,5;3,8;51;13;HDPE;High;1
65,7;113,2;4,1;79;13;Steel;Low;0
57,3;113,8;4,1;51;18;Cast Iron;Medium;1
50,4;133,4;4,8;81;3;PVC;High;1
67,3;106,9;4,4;65;27;Steel;Low;0
64,3;113,2;4,1;61;7;PVC;Low;0
60,7;86,5;3,3;50;14;HDPE;Low;0
58,1;114,3;5,0;57;20;PVC;Medium;0
63,4;109,1;3,8;62;29;PVC;Medium;0
59,7;101,2;3,8;64;17;HDPE;Medium;0
63,5;120,8;4,5;57;29;HDPE;Low;1
66,0;106,7;3,9;59;21;PVC;Low;1
66,1;97,7;3,6;54;12;Steel;Low;0
67,0;95,7;3,3;68;25;HDPE;Low;0
69,3;87,6;3,4;60;16;PVC;Medium;0
48,5;124,3;4,1;69;24;Steel;High;1
65,1;128,0;5,3;69;12;PVC;Medium;1
65,2;106,8;4,5;70;15;HDPE;Low;0
57,4;100,6;3,6;67;25;Steel;High;1
60,4;80,8;3,3;59;10;PVC;Medium;0
57,8;103,0;3,7;83;25;PVC;High;1
69,7;116,1;4,3;75;7;HDPE;Medium;0
59,9;97,5;3,4;79;20;Cast Iron;Low;1
60,7;96,0;3,8;58;5;HDPE;Low;0
63,2;118,8;4,2;80;1;Steel;Medium;1
61,0;113,7;4,4;53;17;HDPE;Low;0
66,6;114,2;4,2;55;3;PVC;Low;0
53,4;121,5;4,5;63;13;HDPE;Medium;1
75,0;105,5;3,5;53;14;Steel;Medium;0
51,5;107,4;4,0;75;24;PVC;Medium;1
67,4;99,6;3,3;66;18;PVC;Low;0
61,9;104,6;3,9;68;4;PVC;Low;0
58,4;88,0;3,8;55;18;HDPE;Medium;1
66,9;95,7;3,1;78;5;Cast Iron;High;0
65,0;118,4;4,3;60;25;PVC;Medium;1
68,6;98,1;3,4;65;16;HDPE;High;0
65,5;109,9;3,8;79;1;PVC;Medium;0
67,8;116,6;4,1;74;21;Cast Iron;Medium;0
64,6;121,7;4,9;60;14;PVC;Low;0
66,9;128,1;5,3;56;15;HDPE;Medium;0
63,5;87,9;2,9;75;9;Steel;Medium;1
60,6;112,9;4,3;71;15;Steel;Medium;1
62,6;127,2;4,4;74;17;HDPE;Medium;0
59,2;86,8;3,0;68;25;PVC;Medium;1
63,6;108,9;3,4;80;24;HDPE;Low;1
72,0;105,9;4,6;75;4;PVC;Medium;0
65,6;137,8;5,4;72;12;PVC;Low;0
69,0;102,0;3,6;62;27;HDPE;High;0
60,6;122,7;4,6;74;26;PVC;Low;1
60,8;115,9;4,2;51;5;PVC;Low;1
68,8;105,3;4,2;51;29;Steel;Low;0
52,7;146,6;5,3;65;5;Cast Iron;Medium;0
64,6;111,3;4,1;58;11;HDPE;Low;0
61,8;110,1;3,9;77;28;PVC;Low;0
56,0;111,6;4,3;62;6;PVC;Medium;0
70,4;110,2;4,7;84;7;Cast Iron;Low;0
57,0;145,9;5,3;62;24;PVC;High;1
62,3;134,0;4,9;80;14;PVC;High;1
67,0;98,2;3,6;70;24;HDPE;Medium;0
63,3;135,0;5,1;81;11;HDPE;Low;0
51,0;94,7;3,4;83;13;HDPE;Medium;0
61,2;110,8;4,0;57;2;PVC;Low;0
67,9;90,3;3,4;51;25;PVC;Medium;0
58,5;120,0;3,9;81;7;Cast Iron;Low;0
46,7;118,5;4,2;77;20;PVC;High;1
61,2;96,7;3,0;50;4;Steel;Low;0
56,1;131,4;4,7;59;27;Steel;Medium;1
68,6;124,5;4,3;53;8;HDPE;Medium;0
66,2;127,6;4,9;84;20;PVC;Medium;0
60,7;97,5;3,4;59;29;PVC;Low;0
62,4;123,1;4,4;60;22;HDPE;High;0
58,9;120,9;3,8;63;21;Cast Iron;Medium;1
49,8;144,8;5,7;61;19;Cast Iron;Medium;1
65,0;118,9;4,1;66;13;PVC;Low;0
57,1;117,2;4,2;65;14;PVC;Medium;0
60,9;104,8;4,1;84;10;Cast Iron;Low;0
69,4;111,2;4,4;51;11;Steel;Low;0
53,0;97,7;3,3;60;2;Cast Iron;Low;0
52,5;113,3;4,4;52;25;PVC;High;1
53,9;110,0;3,7;78;26;HDPE;Low;1
71,1;120,7;4,5;67;9;Steel;Low;0
57,5;93,8;3,2;69;17;Steel;Medium;0
51,8;138,1;4,8;63;26;HDPE;Medium;1
64,1;112,1;4,2;83;3;PVC;Low;0
62,9;127,5;4,5;80;24;HDPE;Medium;1
62,0;117,8;5,0;67;6;PVC;Low;0
59,4;116,8;4,1;79;5;HDPE;Low;0
61,5;116,1;3,9;74;5;Cast Iron;Low;0
59,9;123,3;4,3;68;22;HDPE;High;1
66,4;118,8;4,4;57;15;Steel;Low;0
67,0;90,9;3,4;77;23;PVC;Low;0
62,7;103,3;3,9;57;17;Steel;Low;1
65,5;109,5;4,3;80;9;Cast Iron;High;0
59,8;112,6;3,7;52;3;PVC;Low;0
63,6;130,4;5,1;52;20;PVC;Low;0
65,1;109,5;3,8;71;26;HDPE;Low;0
62,9;133,2;5,1;66;17;PVC;Low;0
66,3;119,3;4,9;66;29;Steel;Medium;0
63,3;100,0;3,5;63;27;Cast Iron;Medium;0
62,5;121,4;4,2;58;10;HDPE;Low;0
59,5;106,4;3,6;79;3;PVC;Low;0
65,8;114,0;4,1;70;18;HDPE;Low;0
69,1;97,4;4,0;61;18;Steel;Low;0
58,2;96,0;3,2;81;17;PVC;Low;1
63,7;128,4;4,6;60;24;HDPE;Medium;1
60,0;126,2;5,0;69;3;HDPE;High;1
