sector_id,pressure_psi,flow_gpm,velocity_fps,temperature_f,pipe_age_years,pipe_material,soil_corrosivity,leak_class
Ain_Diab,63.4,116.9,4.7,53.0,19.0,Cast Iron,Low,0
Ain_Sebaa,60.3,104.5,3.7,57.0,25.0,Cast Iron,High,0
Anfa,68.7,123.7,4.5,71.0,22.0,PVC,High,1
Beauséjour,68.6,120.4,4.2,81.0,8.0,Steel,High,0
Ben_Msick,65.8,119.2,4.2,60.0,23.0,Steel,Medium,0
Bourgogne,66.8,93.0,3.9,63.0,22.0,Cast Iron,Medium,0
Bouskoura,62.1,108.5,4.0,65.0,19.0,HDPE,Medium,0
Derb_Sultan,65.2,101.9,3.6,76.0,11.0,PVC,Low,0
Gauthier,54.3,136.9,5.2,70.0,5.0,Steel,Low,1
Hay_Hassani,59.2,104.3,3.6,83.0,15.0,PVC,Medium,0
Hay_Mohammadi,65.9,123.8,4.0,84.0,17.0,PVC,Low,0
Lissasfa,68.5,134.9,5.1,67.0,20.0,HDPE,High,0
Maarif,64.7,104.3,4.3,69.0,16.0,Cast Iron,Low,0
Medina,51.6,127.2,4.6,81.0,6.0,HDPE,Medium,1
Racine,62.4,99.6,4.1,60.0,10.0,Cast Iron,High,0
Roches_Noires,59.5,104.5,4.0,70.0,19.0,Cast Iron,Medium,0
Sbata,67.0,99.9,3.7,51.0,14.0,Cast Iron,High,1
Sidi_Bernoussi,61.4,113.5,3.8,62.0,6.0,Steel,High,1
Sidi_Maarouf,65.5,124.0,4.6,64.0,6.0,HDPE,Medium,0
Val_Fleuri,70.3,108.7,3.5,72.0,8.0,Cast Iron,Low,0
Ain_Diab,66.0,110.3,4.2,59.0,4.0,HDPE,Low,0
Ain_Sebaa,61.8,93.2,3.3,70.0,1.0,Steel,Low,0
Anfa,68.3,114.5,4.0,62.0,6.0,HDPE,Low,0
Beauséjour,60.4,118.8,4.5,59.0,9.0,HDPE,Low,0
Ben_Msick,66.3,108.2,3.8,61.0,20.0,Cast Iron,Medium,0
Bourgogne,69.4,97.0,3.8,84.0,17.0,HDPE,Medium,0
Bouskoura,62.7,116.1,4.4,76.0,10.0,Steel,Low,0
Derb_Sultan,65.2,106.3,3.9,73.0,16.0,Steel,Low,0
Gauthier,53.4,105.7,3.7,78.0,4.0,Cast Iron,High,1
Hay_Hassani,61.0,102.1,3.9,76.0,10.0,Steel,Low,0
Hay_Mohammadi,71.3,111.4,3.8,60.0,4.0,Steel,Low,0
Lissasfa,69.8,111.4,4.0,81.0,24.0,PVC,Low,0
Maarif,58.8,127.5,5.0,80.0,22.0,HDPE,High,1
Medina,61.5,106.6,4.0,50.0,21.0,PVC,Medium,0
Racine,59.4,100.0,4.3,68.0,21.0,HDPE,High,1
Roches_Noires,63.1,102.0,3.8,54.0,2.0,HDPE,Medium,0
Sbata,77.5,128.5,5.1,52.0,13.0,HDPE,Medium,0
Sidi_Bernoussi,64.7,112.0,4.3,75.0,14.0,PVC,Low,0
Sidi_Maarouf,59.2,108.4,4.1,66.0,25.0,Cast Iron,Low,0
Val_Fleuri,65.8,122.7,5.0,77.0,29.0,Cast Iron,Low,0
Ain_Diab,63.6,105.1,3.9,50.0,26.0,Steel,Medium,1
Ain_Sebaa,64.4,134.6,5.2,80.0,26.0,HDPE,Medium,0
Anfa,59.7,93.8,3.4,69.0,2.0,Steel,High,0
Beauséjour,52.6,110.1,3.7,59.0,20.0,PVC,Low,1
Ben_Msick,66.2,107.1,4.2,65.0,5.0,PVC,Low,0
Bourgogne,65.3,130.6,4.9,61.0,26.0,HDPE,Low,0
Bouskoura,63.8,77.0,3.0,72.0,8.0,Steel,Low,0
Derb_Sultan,58.4,103.5,4.0,57.0,5.0,Steel,High,1
Gauthier,64.2,93.8,3.8,51.0,19.0,PVC,High,0
Hay_Hassani,63.6,108.8,4.0,65.0,5.0,Steel,Medium,1
Hay_Mohammadi,64.2,93.8,3.8,51.0,19.0,PVC,High,0
Lissasfa,60.2,124.6,4.6,58.0,15.0,Cast Iron,Medium,1
Maarif,64.3,113.2,4.1,61.0,7.0,PVC,Low,0
Medina,60.7,102.0,3.6,51.0,28.0,HDPE,Low,1
Racine,53.6,108.9,4.2,77.0,20.0,Steel,High,1
Roches_Noires,54.2,114.7,4.3,82.0,6.0,PVC,High,1
Sbata,48.3,149.7,5.1,60.0,23.0,Cast Iron,Medium,1
Sidi_Bernoussi,63.2,121.8,4.4,70.0,25.0,HDPE,Medium,1
Sidi_Maarouf,54.0,117.2,4.0,79.0,26.0,Steel,Low,0
Val_Fleuri,62.9,101.6,4.1,83.0,16.0,Steel,Low,0
Ain_Diab,59.3,125.8,5.0,60.0,8.0,Cast Iron,Low,0
Ain_Sebaa,60.9,126.0,4.7,62.0,22.0,Steel,High,1
Anfa,68.7,86.1,3.1,75.0,21.0,PVC,Low,1
Beauséjour,59.0,116.0,4.3,70.0,15.0,PVC,High,1
Ben_Msick,67.0,119.2,4.5,82.0,29.0,PVC,Low,0
Bourgogne,59.7,105.3,4.1,52.0,24.0,HDPE,High,0
Bouskoura,59.4,131.8,5.1,74.0,21.0,PVC,Low,1
Derb_Sultan,56.6,118.5,4.3,67.0,18.0,Cast Iron,Medium,1
Gauthier,55.5,124.7,4.4,73.0,11.0,Steel,Medium,1
Hay_Hassani,65.2,111.8,4.3,51.0,27.0,HDPE,Low,0
Hay_Mohammadi,68.7,95.6,3.8,55.0,18.0,PVC,High,1
Lissasfa,67.6,107.1,4.1,75.0,22.0,Steel,Medium,0
Maarif,63.7,93.4,3.3,79.0,22.0,Steel,Medium,0
Medina,65.3,118.7,5.0,73.0,13.0,Steel,Low,0
Racine,66.8,121.4,4.4,78.0,29.0,Steel,Low,1
Roches_Noires,57.5,100.0,4.0,57.0,18.0,PVC,Medium,1
Sbata,63.2,96.8,4.2,57.0,15.0,Steel,Medium,0
Sidi_Bernoussi,61.0,102.1,3.9,76.0,10.0,Steel,Low,0
Sidi_Maarouf,59.6,117.9,3.9,69.0,20.0,PVC,Medium,1
Val_Fleuri,46.9,96.5,3.1,55.0,14.0,Steel,Low,1
Ain_Diab,65.1,95.4,3.6,84.0,22.0,HDPE,Medium,0
Ain_Sebaa,54.6,149.1,5.1,56.0,9.0,HDPE,High,1
Anfa,49.8,144.8,5.7,61.0,19.0,Cast Iron,Medium,1
Beauséjour,66.4,112.4,3.7,56.0,12.0,PVC,Low,0
Ben_Msick,69.1,109.2,4.4,78.0,13.0,HDPE,Medium,0
Bourgogne,66.3,95.1,2.9,84.0,1.0,Steel,Medium,0
Bouskoura,61.2,110.8,4.0,57.0,2.0,PVC,Low,0
Derb_Sultan,51.0,139.0,5.2,78.0,15.0,HDPE,High,1
Gauthier,65.7,113.2,4.1,79.0,13.0,Steel,Low,0
Hay_Hassani,69.1,108.0,3.9,66.0,23.0,PVC,Medium,0
Hay_Mohammadi,46.4,140.0,5.1,70.0,29.0,Cast Iron,Low,1
Lissasfa,71.3,108.8,4.2,63.0,10.0,PVC,Low,0
Maarif,61.6,137.2,4.5,76.0,26.0,HDPE,Medium,1
Medina,61.3,111.4,4.2,75.0,16.0,PVC,Low,0
Racine,67.2,97.5,3.3,75.0,15.0,PVC,Low,0
Roches_Noires,50.5,133.3,5.2,58.0,29.0,PVC,Low,1
Sbata,60.1,93.2,3.6,59.0,27.0,Steel,Medium,0
Sidi_Bernoussi,64.3,100.9,3.7,56.0,6.0,Steel,Low,0
Sidi_Maarouf,58.7,128.5,4.9,78.0,23.0,PVC,Low,1
Val_Fleuri,70.3,101.4,3.8,51.0,6.0,Steel,Low,0
Ain_Diab,60.9,85.5,2.9,63.0,19.0,PVC,Medium,0
Ain_Sebaa,58.4,121.6,4.6,52.0,23.0,HDPE,High,0
Anfa,55.2,126.4,4.9,69.0,27.0,Cast Iron,Low,1
Beauséjour,68.4,97.8,3.4,82.0,22.0,Cast Iron,Medium,0
Ben_Msick,61.5,116.1,3.9,74.0,5.0,Cast Iron,Low,0
Bourgogne,70.9,97.7,3.9,62.0,5.0,PVC,Medium,0
Bouskoura,56.1,120.3,4.5,67.0,19.0,HDPE,Medium,1
Derb_Sultan,48.0,104.8,4.0,72.0,12.0,PVC,Low,1
Gauthier,68.2,122.4,4.4,65.0,20.0,PVC,Low,1
Hay_Hassani,68.6,120.4,4.2,81.0,8.0,Steel,High,0
Hay_Mohammadi,66.5,137.1,5.2,71.0,14.0,HDPE,Medium,0
Lissasfa,54.1,105.6,4.0,55.0,18.0,Steel,Medium,1
Maarif,63.7,97.7,3.9,79.0,26.0,Cast Iron,Medium,0
Medina,64.6,91.1,3.6,52.0,24.0,HDPE,Medium,0
Racine,64.8,108.5,4.4,84.0,1.0,HDPE,Medium,0
Roches_Noires,53.3,125.4,4.5,73.0,21.0,Cast Iron,Low,0
Sbata,64.8,131.8,5.1,50.0,27.0,HDPE,High,1
Sidi_Bernoussi,51.3,129.8,4.4,51.0,24.0,PVC,High,1
Sidi_Maarouf,59.5,106.0,4.3,74.0,12.0,PVC,Low,0
Val_Fleuri,67.4,84.4,2.9,50.0,25.0,PVC,High,0
Ain_Diab,57.1,107.1,3.8,80.0,16.0,Steel,Medium,1
Ain_Sebaa,66.5,135.6,5.0,52.0,28.0,HDPE,Low,1
Anfa,54.7,111.7,4.2,58.0,21.0,Cast Iron,Low,1
Beauséjour,59.7,121.0,4.6,79.0,17.0,PVC,Low,1
Ben_Msick,52.7,146.6,5.3,65.0,5.0,Cast Iron,Medium,0
Bourgogne,59.4,125.7,4.4,69.0,23.0,PVC,High,1
Bouskoura,59.7,128.3,4.7,58.0,9.0,Steel,High,0
Derb_Sultan,62.0,122.3,4.6,76.0,29.0,PVC,Low,1
Gauthier,57.0,122.3,4.6,76.0,4.0,HDPE,Low,1
Hay_Hassani,58.9,120.0,4.3,78.0,14.0,PVC,Low,0
Hay_Mohammadi,50.9,126.1,4.4,65.0,18.0,PVC,High,1
Lissasfa,53.5,124.4,4.8,64.0,20.0,HDPE,Medium,1
Maarif,65.0,103.6,3.5,83.0,24.0,Steel,Medium,0
Medina,57.3,115.6,4.1,50.0,14.0,HDPE,Medium,0
Racine,61.3,133.1,5.4,76.0,9.0,HDPE,Low,0
Roches_Noires,58.6,93.7,3.5,50.0,13.0,PVC,High,0
Sbata,61.6,117.0,4.2,81.0,13.0,Steel,Medium,1
Sidi_Bernoussi,46.1,130.0,4.6,58.0,5.0,Steel,Medium,1
Sidi_Maarouf,68.1,116.6,4.4,61.0,1.0,Steel,Low,0
Val_Fleuri,72.8,104.4,3.7,68.0,26.0,Cast Iron,Low,0
Ain_Diab,71.3,105.9,3.6,67.0,10.0,HDPE,Low,0
Ain_Sebaa,60.0,112.7,3.8,65.0,22.0,HDPE,High,0
Anfa,66.7,132.0,5.0,75.0,14.0,HDPE,Low,0
Beauséjour,65.4,114.1,4.1,57.0,9.0,HDPE,Low,0
Ben_Msick,62.1,106.5,3.7,73.0,29.0,PVC,High,1
Bourgogne,64.0,84.8,2.7,76.0,14.0,PVC,Low,0
Bouskoura,61.2,91.5,2.9,74.0,17.0,HDPE,High,0
Derb_Sultan,62.7,106.6,4.0,60.0,22.0,HDPE,Low,1
Gauthier,64.5,107.4,4.3,65.0,16.0,Steel,High,0
Hay_Hassani,56.7,125.5,5.1,71.0,22.0,HDPE,Low,1
Hay_Mohammadi,58.6,103.2,3.7,58.0,9.0,HDPE,Low,0
Lissasfa,50.4,116.7,3.8,77.0,17.0,Cast Iron,High,1
Maarif,68.6,83.2,3.7,60.0,7.0,Cast Iron,Medium,0
Medina,57.4,104.2,4.2,52.0,6.0,PVC,High,1
Racine,58.9,136.8,5.1,75.0,24.0,PVC,High,1
Roches_Noires,64.7,98.2,3.4,72.0,28.0,Steel,Medium,1
Sbata,49.4,123.3,5.4,59.0,11.0,HDPE,Low,1
Sidi_Bernoussi,65.8,106.9,3.9,53.0,17.0,Steel,Medium,1
Sidi_Maarouf,56.2,115.2,3.6,68.0,19.0,PVC,Medium,1
Val_Fleuri,58.1,116.3,3.7,84.0,2.0,Steel,Medium,1
Ain_Diab,69.0,140.6,4.6,52.0,2.0,Cast Iron,Low,1
Ain_Sebaa,61.0,114.5,4.8,77.0,25.0,PVC,Medium,1
Anfa,72.3,102.2,3.9,76.0,8.0,HDPE,Low,0
Beauséjour,54.9,100.7,3.9,73.0,18.0,PVC,Medium,1
Ben_Msick,63.6,93.4,3.0,80.0,23.0,HDPE,Low,0
Bourgogne,66.8,104.9,4.3,71.0,8.0,HDPE,Low,0
Bouskoura,53.5,102.1,3.5,74.0,24.0,PVC,Low,0
Derb_Sultan,55.8,104.8,3.8,56.0,4.0,PVC,High,0
Gauthier,58.3,125.4,4.4,72.0,27.0,HDPE,High,0
Hay_Hassani,74.6,89.0,3.2,59.0,16.0,PVC,Low,0
Hay_Mohammadi,65.4,113.8,4.3,75.0,25.0,Steel,Medium,0
Lissasfa,65.7,113.2,4.1,79.0,13.0,Steel,Low,0
Maarif,62.1,104.9,3.8,53.0,7.0,Steel,Low,0
Medina,53.8,103.8,3.9,67.0,18.0,PVC,Low,1
Racine,63.4,123.2,4.3,70.0,14.0,Steel,Low,0
Roches_Noires,64.2,120.9,4.4,71.0,2.0,Cast Iron,Low,0
Sbata,55.8,121.3,4.6,69.0,20.0,PVC,High,1
Sidi_Bernoussi,49.8,144.8,5.7,61.0,19.0,Cast Iron,Medium,1
Sidi_Maarouf,54.1,105.6,4.0,55.0,18.0,Steel,Medium,1
Val_Fleuri,68.5,100.4,4.2,54.0,12.0,PVC,Low,0
Ain_Diab,63.5,106.0,3.8,51.0,27.0,PVC,Low,0
Ain_Sebaa,59.0,136.4,4.9,66.0,24.0,PVC,Medium,0
Anfa,59.3,134.8,5.2,77.0,17.0,Cast Iron,Medium,1
Beauséjour,63.6,93.4,3.0,80.0,23.0,HDPE,Low,0
Ben_Msick,50.6,122.6,4.5,51.0,12.0,HDPE,Low,0
Bourgogne,65.6,105.0,4.5,55.0,22.0,HDPE,Medium,1
Bouskoura,69.9,131.4,5.0,74.0,8.0,PVC,High,0
Derb_Sultan,56.8,139.0,5.0,83.0,13.0,Steel,High,1
Gauthier,65.4,126.7,5.1,62.0,1.0,PVC,High,0
Hay_Hassani,51.0,135.0,5.0,59.0,25.0,HDPE,Medium,1
Hay_Mohammadi,63.9,106.4,3.8,67.0,21.0,HDPE,Medium,0
Lissasfa,51.9,119.6,4.1,53.0,18.0,Steel,Medium,1
Maarif,65.0,99.6,3.9,69.0,3.0,HDPE,Low,0
Medina,50.5,141.9,5.5,78.0,22.0,PVC,High,1
Racine,58.5,112.9,4.0,60.0,7.0,PVC,Low,1
Roches_Noires,50.8,107.9,4.2,50.0,26.0,PVC,Medium,1
Sbata,61.8,107.7,4.0,75.0,14.0,PVC,High,0
Sidi_Bernoussi,59.2,136.4,4.7,74.0,16.0,HDPE,Medium,0
Sidi_Maarouf,51.7,127.8,4.9,54.0,21.0,Cast Iron,Medium,1
Val_Fleuri,65.3,123.9,4.5,59.0,13.0,Steel,Medium,0
Ain_Diab,63.4,115.9,4.5,64.0,2.0,Steel,Low,0
Ain_Sebaa,68.1,107.9,3.7,72.0,23.0,PVC,Low,0
Anfa,59.4,129.1,4.8,54.0,10.0,Steel,High,1
Beauséjour,51.5,107.4,4.0,75.0,24.0,PVC,Medium,1
Ben_Msick,65.1,114.9,3.9,58.0,11.0,Steel,Low,0
Bourgogne,60.9,122.9,4.4,77.0,26.0,Steel,Medium,0
Bouskoura,53.9,120.5,4.6,61.0,16.0,Steel,Low,1
Derb_Sultan,57.4,104.2,4.2,52.0,6.0,PVC,High,1
Gauthier,51.1,95.9,3.8,79.0,21.0,Steel,Low,0
Hay_Hassani,64.9,138.2,5.3,52.0,23.0,Cast Iron,Medium,0
Hay_Mohammadi,58.3,104.4,4.1,55.0,6.0,Cast Iron,High,0
Lissasfa,57.3,94.1,3.5,65.0,18.0,PVC,Medium,1
Maarif,67.8,98.6,3.6,79.0,25.0,PVC,Low,0
Medina,68.0,123.4,3.9,59.0,28.0,Cast Iron,Low,0
Racine,64.4,122.4,4.4,66.0,27.0,HDPE,High,0
Roches_Noires,61.6,117.0,4.2,81.0,13.0,Steel,Medium,1
Sbata,49.6,126.6,4.6,80.0,11.0,PVC,Medium,1
Sidi_Bernoussi,67.9,99.7,3.6,68.0,2.0,PVC,Low,0
Sidi_Maarouf,64.8,110.2,4.2,79.0,20.0,PVC,Low,0
Val_Fleuri,49.1,124.7,4.9,63.0,15.0,HDPE,High,1
Ain_Diab,61.3,123.4,5.0,63.0,23.0,HDPE,Low,0
Ain_Sebaa,64.9,115.0,4.0,70.0,21.0,Steel,Low,0
Anfa,67.6,124.2,4.2,57.0,12.0,PVC,High,1
Beauséjour,53.5,102.1,3.5,74.0,24.0,PVC,Low,0
Ben_Msick,51.8,138.1,4.8,63.0,26.0,HDPE,Medium,1
Bourgogne,63.4,101.2,4.1,53.0,2.0,Cast Iron,Medium,0
Bouskoura,67.6,110.9,3.9,59.0,1.0,Steel,Low,0
Derb_Sultan,51.1,105.2,4.2,58.0,4.0,PVC,Medium,1
Gauthier,49.4,123.3,5.4,59.0,11.0,HDPE,Low,1
Hay_Hassani,57.4,107.8,3.2,59.0,12.0,PVC,Medium,0
Hay_Mohammadi,58.4,121.6,4.6,52.0,23.0,HDPE,High,0
Lissasfa,66.8,121.4,4.4,78.0,29.0,Steel,Low,1
Maarif,55.5,104.2,4.0,57.0,26.0,Steel,Low,1
Medina,61.5,116.1,3.9,74.0,5.0,Cast Iron,Low,0
Racine,72.0,115.9,4.4,61.0,1.0,HDPE,Medium,0
Roches_Noires,57.3,88.6,3.0,61.0,2.0,HDPE,High,0
Sbata,46.7,106.8,4.5,80.0,19.0,Steel,High,1
Sidi_Bernoussi,64.6,103.9,4.0,83.0,10.0,Cast Iron,Medium,0
Sidi_Maarouf,65.5,108.0,3.6,57.0,24.0,PVC,High,1
Val_Fleuri,56.7,108.3,4.0,68.0,1.0,HDPE,Low,0
Ain_Diab,58.4,103.5,4.0,57.0,5.0,Steel,High,1
Ain_Sebaa,53.9,117.4,4.7,52.0,5.0,HDPE,Medium,1
Anfa,61.7,122.3,4.5,66.0,6.0,Steel,Low,1
Beauséjour,62.4,83.5,3.3,77.0,26.0,PVC,Low,0
Ben_Msick,60.2,126.7,4.9,56.0,5.0,HDPE,Low,0
Bourgogne,61.5,116.1,3.9,74.0,5.0,Cast Iron,Low,0
Bouskoura,67.4,86.8,3.2,66.0,12.0,Steel,Medium,0
Derb_Sultan,63.3,128.8,4.7,84.0,17.0,PVC,Medium,0
Gauthier,54.6,108.5,4.0,54.0,28.0,HDPE,Medium,1
Hay_Hassani,71.1,106.0,3.8,56.0,9.0,HDPE,Low,0
Hay_Mohammadi,56.1,115.0,3.6,79.0,12.0,HDPE,Medium,0
Lissasfa,52.1,125.1,5.2,64.0,24.0,Steel,Medium,1
Maarif,64.2,143.9,5.3,81.0,17.0,HDPE,Medium,0
Medina,60.7,104.0,4.0,67.0,25.0,Steel,Medium,0
Racine,52.7,112.0,3.8,64.0,5.0,PVC,Low,0
Roches_Noires,62.8,130.0,5.0,83.0,11.0,PVC,Low,1
Sbata,46.5,113.1,3.7,63.0,1.0,Cast Iron,Medium,1
Sidi_Bernoussi,64.2,119.3,4.2,83.0,27.0,PVC,Low,0
Sidi_Maarouf,53.9,117.4,4.7,52.0,5.0,HDPE,Medium,1
Val_Fleuri,62.9,101.6,4.1,83.0,16.0,Steel,Low,0
Ain_Diab,60.0,104.5,3.8,74.0,24.0,HDPE,Low,0
Ain_Sebaa,65.4,113.8,4.3,75.0,25.0,Steel,Medium,0
Anfa,65.0,107.2,3.7,77.0,29.0,Cast Iron,Medium,1
Beauséjour,63.7,128.4,4.6,60.0,24.0,HDPE,Medium,1
Ben_Msick,67.8,127.0,4.5,54.0,7.0,PVC,Medium,0
Bourgogne,62.6,112.0,4.0,80.0,19.0,HDPE,Low,0
Bouskoura,52.8,111.3,3.7,56.0,23.0,Cast Iron,Medium,1
Derb_Sultan,66.6,116.1,4.7,79.0,2.0,PVC,Low,0
Gauthier,60.0,112.7,3.8,65.0,22.0,HDPE,High,0
Hay_Hassani,47.4,132.1,4.9,67.0,18.0,PVC,Low,1
Hay_Mohammadi,65.8,107.8,3.8,79.0,21.0,Steel,Low,0
Lissasfa,54.9,116.1,4.5,67.0,18.0,PVC,Low,1
Maarif,61.1,119.4,4.7,77.0,27.0,Cast Iron,Medium,1
Medina,69.1,111.1,4.1,72.0,22.0,HDPE,Low,0
Racine,60.3,100.5,3.6,66.0,1.0,HDPE,Low,0
Roches_Noires,63.4,115.9,4.5,64.0,2.0,Steel,Low,0
Sbata,66.6,128.6,5.0,82.0,3.0,PVC,Medium,1
Sidi_Bernoussi,51.9,117.9,4.3,51.0,29.0,HDPE,Low,1
Sidi_Maarouf,60.3,119.6,4.5,78.0,23.0,PVC,Low,1
Val_Fleuri,65.8,112.9,4.5,76.0,6.0,Steel,Low,0
Ain_Diab,58.7,137.5,5.6,82.0,8.0,Steel,High,1
Ain_Sebaa,54.9,116.1,4.5,67.0,18.0,PVC,Low,1
Anfa,67.0,117.4,4.5,78.0,20.0,HDPE,Low,0
Beauséjour,60.3,112.5,3.7,72.0,12.0,Steel,Medium,1
Ben_Msick,55.5,148.3,5.6,80.0,23.0,HDPE,Low,1
Bourgogne,66.3,95.1,2.9,84.0,1.0,Steel,Medium,0
Bouskoura,53.6,146.3,5.5,67.0,23.0,PVC,Low,1
Derb_Sultan,67.2,123.2,4.6,83.0,24.0,HDPE,Low,0
Gauthier,62.0,106.7,3.7,82.0,20.0,PVC,Low,0
Hay_Hassani,65.3,115.2,4.0,53.0,5.0,PVC,High,0
Hay_Mohammadi,55.2,114.9,4.9,54.0,7.0,HDPE,Medium,1
Lissasfa,74.7,108.4,4.1,74.0,1.0,Steel,High,0
Maarif,62.7,131.5,4.4,71.0,9.0,HDPE,Low,0
Medina,66.8,109.7,4.5,68.0,27.0,HDPE,High,0
Racine,53.9,117.4,4.7,52.0,5.0,HDPE,Medium,1
Roches_Noires,65.5,115.5,4.1,53.0,21.0,HDPE,Medium,0
Sbata,69.3,104.7,3.6,61.0,11.0,Steel,Low,0
Sidi_Bernoussi,64.2,111.7,3.8,84.0,9.0,PVC,Low,0
Sidi_Maarouf,59.8,97.5,3.6,71.0,12.0,HDPE,Low,0
Val_Fleuri,54.7,111.7,4.2,58.0,21.0,Cast Iron,Low,1
Ain_Diab,68.0,100.5,3.9,70.0,13.0,PVC,High,0
Ain_Sebaa,60.9,85.5,2.9,63.0,19.0,PVC,Medium,0
Anfa,52.8,111.3,3.7,56.0,23.0,Cast Iron,Medium,1
Beauséjour,71.2,121.3,4.7,84.0,11.0,Cast Iron,Low,0
Ben_Msick,55.4,97.6,4.0,54.0,26.0,PVC,Medium,0
Bourgogne,65.0,108.7,3.9,58.0,17.0,Cast Iron,Medium,0
Bouskoura,66.2,102.4,3.7,79.0,12.0,HDPE,Low,0
Derb_Sultan,57.9,109.6,4.5,83.0,23.0,PVC,Low,1
Gauthier,69.3,127.0,4.8,62.0,28.0,HDPE,Medium,0
Hay_Hassani,57.0,135.2,4.7,77.0,5.0,HDPE,Low,0
Hay_Mohammadi,56.6,129.3,4.7,50.0,13.0,PVC,Low,1
Lissasfa,63.9,119.4,4.1,66.0,14.0,Steel,Low,0
Maarif,50.6,122.6,4.5,51.0,12.0,HDPE,Low,0
Medina,51.8,123.7,4.3,50.0,9.0,Steel,Low,1
Racine,59.6,122.2,4.4,66.0,24.0,HDPE,Medium,1
Roches_Noires,60.5,111.6,3.5,60.0,12.0,HDPE,Medium,1
Sbata,69.6,92.7,3.8,52.0,28.0,PVC,Low,0
Sidi_Bernoussi,49.8,92.9,3.4,63.0,23.0,PVC,High,1
Sidi_Maarouf,66.3,104.6,3.9,66.0,13.0,Steel,Low,0
Val_Fleuri,53.8,133.2,5.2,83.0,27.0,Cast Iron,Low,1
Ain_Diab,65.5,109.9,3.8,79.0,1.0,PVC,Medium,0
Ain_Sebaa,58.4,123.2,4.2,64.0,17.0,PVC,Medium,0
Anfa,62.7,116.9,4.5,52.0,7.0,Steel,Medium,0
Beauséjour,62.9,93.3,3.4,75.0,26.0,PVC,Low,1
Ben_Msick,51.0,100.1,3.6,61.0,22.0,Cast Iron,Low,1
Bourgogne,63.6,99.0,3.4,53.0,2.0,PVC,Low,0
Bouskoura,58.0,113.0,4.5,60.0,7.0,HDPE,Medium,0
Derb_Sultan,57.4,118.4,4.3,59.0,20.0,PVC,Medium,1
Gauthier,69.1,122.5,4.7,75.0,10.0,HDPE,Medium,0
Hay_Hassani,61.3,127.7,4.6,72.0,10.0,Cast Iron,High,1
Hay_Mohammadi,51.4,109.4,3.7,62.0,5.0,Cast Iron,Medium,1
Lissasfa,62.7,123.8,4.3,68.0,17.0,HDPE,High,1
Maarif,68.0,116.8,4.5,81.0,23.0,HDPE,Low,0
Medina,59.7,128.3,4.7,58.0,9.0,Steel,High,0
Racine,53.0,120.3,4.2,51.0,5.0,PVC,High,1
Roches_Noires,61.2,110.8,4.0,57.0,2.0,PVC,Low,0
Sbata,60.8,93.3,3.4,62.0,6.0,Cast Iron,High,0
Sidi_Bernoussi,67.6,107.1,4.1,75.0,22.0,Steel,Medium,0
Sidi_Maarouf,65.5,109.5,4.3,80.0,9.0,Cast Iron,High,0
Val_Fleuri,58.4,123.2,4.2,64.0,17.0,PVC,Medium,0
Ain_Diab,64.1,100.9,3.4,64.0,7.0,PVC,Medium,0
Ain_Sebaa,64.4,103.8,3.7,83.0,8.0,HDPE,Medium,0
Anfa,59.2,136.4,4.7,74.0,16.0,HDPE,Medium,0
Beauséjour,73.2,114.7,3.8,78.0,4.0,HDPE,Low,0
Ben_Msick,58.6,98.0,3.3,82.0,8.0,HDPE,Medium,0
Bourgogne,55.6,140.2,5.3,75.0,13.0,PVC,Low,1
Bouskoura,70.3,128.2,4.9,55.0,26.0,PVC,Medium,0
Derb_Sultan,61.2,96.7,3.0,50.0,4.0,Steel,Low,0
Gauthier,57.3,88.6,3.0,61.0,2.0,HDPE,High,0
Hay_Hassani,62.6,109.0,3.7,60.0,26.0,HDPE,Medium,0
Hay_Mohammadi,57.1,107.1,3.8,80.0,16.0,Steel,Medium,1
Lissasfa,61.4,113.5,3.8,62.0,6.0,Steel,High,1
Maarif,66.8,124.5,4.9,75.0,11.0,HDPE,High,0
Medina,55.4,135.2,4.7,64.0,12.0,Steel,Medium,1
Racine,51.8,138.1,4.8,63.0,26.0,HDPE,Medium,1
Roches_Noires,59.5,88.5,3.0,65.0,16.0,HDPE,Low,0
Sbata,60.9,104.8,4.1,84.0,10.0,Cast Iron,Low,0
Sidi_Bernoussi,64.0,117.1,4.7,79.0,2.0,PVC,Low,0
Sidi_Maarouf,64.9,96.9,3.5,83.0,28.0,HDPE,Medium,0
Val_Fleuri,64.0,122.7,4.8,81.0,8.0,Steel,Medium,0
Ain_Diab,58.8,121.0,4.5,61.0,23.0,HDPE,Low,0
Ain_Sebaa,71.2,116.1,4.5,73.0,2.0,Cast Iron,Low,0
Anfa,64.3,113.2,4.9,62.0,2.0,PVC,Low,0
Beauséjour,62.9,93.3,3.4,75.0,26.0,PVC,Low,1
Ben_Msick,57.2,106.7,4.3,79.0,3.0,Cast Iron,Low,0
Bourgogne,63.7,99.0,3.7,62.0,24.0,HDPE,Medium,0
Bouskoura,64.8,108.5,4.4,84.0,1.0,HDPE,Medium,0
Derb_Sultan,66.8,119.5,4.1,70.0,24.0,Steel,Low,0
Gauthier,69.0,116.3,4.2,58.0,26.0,Steel,Low,0
Hay_Hassani,62.0,106.7,3.7,82.0,20.0,PVC,Low,0
Hay_Mohammadi,65.1,99.2,3.9,65.0,20.0,HDPE,Low,0
Lissasfa,63.2,105.0,3.9,58.0,23.0,PVC,Medium,1
Maarif,54.5,123.3,5.2,67.0,3.0,HDPE,Low,1
Medina,61.5,111.5,3.6,59.0,29.0,PVC,Low,1
Racine,55.0,123.8,4.6,78.0,26.0,Steel,Low,1
Roches_Noires,53.3,121.8,4.4,65.0,3.0,Steel,Low,1
Sbata,64.4,122.4,4.4,66.0,27.0,HDPE,High,0
Sidi_Bernoussi,68.8,110.0,4.6,54.0,25.0,Cast Iron,Medium,0
Sidi_Maarouf,70.3,108.3,3.3,68.0,7.0,PVC,Low,0
Val_Fleuri,47.4,132.1,4.9,67.0,18.0,PVC,Low,1
Ain_Diab,52.3,118.5,4.6,75.0,26.0,Cast Iron,Low,1
Ain_Sebaa,62.5,109.7,4.0,60.0,18.0,HDPE,Low,0
Anfa,68.2,122.4,4.4,65.0,20.0,PVC,Low,1
Beauséjour,55.0,128.6,4.5,80.0,21.0,Steel,Low,1
Ben_Msick,63.2,121.8,4.4,70.0,25.0,HDPE,Medium,1
Bourgogne,56.7,87.3,3.0,51.0,13.0,PVC,High,0
Bouskoura,63.3,123.9,4.6,79.0,1.0,Steel,Medium,0
Derb_Sultan,71.6,86.9,3.2,84.0,7.0,Steel,Medium,0
Gauthier,45.4,139.7,5.1,61.0,23.0,Steel,Medium,1
Hay_Hassani,63.7,126.6,4.6,79.0,21.0,Steel,Low,0
Hay_Mohammadi,60.8,115.9,4.2,51.0,5.0,PVC,Low,1
Lissasfa,63.3,128.8,4.7,84.0,17.0,PVC,Medium,0
Maarif,46.1,144.8,5.4,77.0,29.0,PVC,High,1
Medina,60.3,112.5,3.7,72.0,12.0,Steel,Medium,1
Racine,66.3,119.3,4.9,66.0,29.0,Steel,Medium,0
Roches_Noires,60.3,148.1,5.3,74.0,29.0,Cast Iron,High,1
Sbata,62.8,113.6,4.2,75.0,8.0,Cast Iron,Medium,0
Sidi_Bernoussi,51.8,100.3,3.6,65.0,28.0,Steel,Medium,1
Sidi_Maarouf,59.9,135.1,4.9,66.0,17.0,Cast Iron,Low,0
Val_Fleuri,54.5,123.3,5.2,67.0,3.0,HDPE,Low,1
Ain_Diab,64.8,106.0,4.3,56.0,4.0,PVC,Low,0
Ain_Sebaa,60.0,107.7,4.0,60.0,13.0,HDPE,High,0
Anfa,63.0,109.9,4.3,84.0,26.0,Steel,Low,0
Beauséjour,65.5,108.0,3.6,57.0,24.0,PVC,High,1
Ben_Msick,74.6,89.0,3.2,59.0,16.0,PVC,Low,0
Bourgogne,56.3,105.2,4.1,52.0,16.0,PVC,Low,1
Bouskoura,57.2,129.2,5.0,58.0,13.0,PVC,Low,1
Derb_Sultan,58.8,112.8,4.3,75.0,24.0,PVC,High,0
Gauthier,61.0,113.7,4.4,53.0,17.0,HDPE,Low,0
Hay_Hassani,71.7,121.5,4.0,68.0,26.0,HDPE,Medium,0
Hay_Mohammadi,57.1,107.1,3.8,80.0,16.0,Steel,Medium,1
Lissasfa,57.8,101.1,3.4,51.0,29.0,HDPE,Low,1
Maarif,61.0,108.0,4.6,57.0,1.0,HDPE,Low,0
Medina,63.7,97.3,3.9,79.0,13.0,PVC,Low,0
Racine,72.4,113.3,4.6,81.0,15.0,Cast Iron,Low,0
Roches_Noires,59.6,124.6,4.7,84.0,10.0,PVC,Low,0
Sbata,66.1,116.1,4.2,70.0,8.0,HDPE,Medium,0
Sidi_Bernoussi,58.8,112.7,4.1,72.0,22.0,Steel,Low,1
Sidi_Maarouf,62.3,116.2,4.7,70.0,5.0,HDPE,Medium,0
Val_Fleuri,65.0,125.6,4.7,60.0,29.0,PVC,Low,0
Ain_Diab,65.6,105.0,4.5,55.0,22.0,HDPE,Medium,1
Ain_Sebaa,65.7,112.6,4.4,66.0,9.0,Steel,Low,0
Anfa,68.2,122.4,4.4,65.0,20.0,PVC,Low,1
Beauséjour,72.0,105.9,4.6,75.0,4.0,PVC,Medium,0
Ben_Msick,61.5,142.0,5.0,56.0,13.0,Steel,Medium,0
Bourgogne,61.0,113.7,4.4,53.0,17.0,HDPE,Low,0
Bouskoura,60.6,111.6,4.3,72.0,11.0,PVC,Low,0
Derb_Sultan,64.7,105.6,3.9,54.0,25.0,PVC,High,0
Gauthier,64.0,118.7,4.5,63.0,22.0,HDPE,Low,0
Hay_Hassani,63.9,119.4,4.1,66.0,14.0,Steel,Low,0
Hay_Mohammadi,65.3,107.2,4.1,64.0,19.0,PVC,High,0
Lissasfa,72.3,102.2,3.9,76.0,8.0,HDPE,Low,0
Maarif,67.8,104.4,5.0,80.0,9.0,PVC,Low,0
Medina,58.8,127.5,5.0,80.0,22.0,HDPE,High,1
Racine,53.0,120.3,4.2,51.0,5.0,PVC,High,1
Roches_Noires,66.1,97.7,3.6,54.0,12.0,Steel,Low,0
Sbata,61.4,85.7,3.2,51.0,9.0,HDPE,Medium,0
Sidi_Bernoussi,69.1,101.1,3.0,54.0,4.0,Steel,Medium,0
Sidi_Maarouf,56.3,120.3,4.4,55.0,19.0,PVC,Low,1
Val_Fleuri,61.4,89.5,3.8,61.0,10.0,Steel,High,0
Ain_Diab,62.4,107.3,3.4,83.0,26.0,Cast Iron,Low,0
Ain_Sebaa,61.3,109.9,4.1,73.0,27.0,Steel,Medium,1
Anfa,62.8,105.9,3.3,84.0,7.0,PVC,Medium,0
Beauséjour,65.4,111.7,3.8,58.0,5.0,Cast Iron,Low,0
Ben_Msick,60.2,124.6,4.6,58.0,15.0,Cast Iron,Medium,1
Bourgogne,64.9,94.2,3.1,65.0,14.0,HDPE,Medium,0
Bouskoura,66.8,117.9,4.5,50.0,23.0,PVC,Medium,0
Derb_Sultan,60.2,126.7,4.9,56.0,5.0,HDPE,Low,0
Gauthier,58.9,110.6,4.0,51.0,2.0,Cast Iron,Medium,0
Hay_Hassani,56.3,95.4,3.0,82.0,20.0,Steel,Medium,1
Hay_Mohammadi,65.7,112.6,4.4,66.0,9.0,Steel,Low,0
Lissasfa,63.3,118.7,4.0,74.0,6.0,HDPE,Low,0
Maarif,62.8,112.1,4.8,84.0,3.0,PVC,Low,0
Medina,65.2,111.1,4.0,58.0,24.0,HDPE,Low,1
Racine,66.5,135.6,5.0,52.0,28.0,HDPE,Low,1
Roches_Noires,62.3,109.7,4.3,54.0,21.0,PVC,High,0
Sbata,68.7,152.0,6.0,74.0,17.0,PVC,Low,0
Sidi_Bernoussi,55.0,123.8,4.6,78.0,26.0,Steel,Low,1
Sidi_Maarouf,64.4,94.4,2.6,78.0,28.0,HDPE,Low,0
Val_Fleuri,66.6,104.6,4.0,64.0,18.0,PVC,Low,0
Ain_Diab,68.2,122.4,4.4,65.0,20.0,PVC,Low,1
Ain_Sebaa,60.6,94.7,3.7,56.0,3.0,HDPE,Low,0
Anfa,57.5,128.5,4.6,78.0,19.0,HDPE,Low,1
Beauséjour,54.1,125.5,4.4,51.0,19.0,HDPE,Low,1
Ben_Msick,53.4,105.7,3.7,78.0,4.0,Cast Iron,High,1
Bourgogne,65.5,133.0,5.3,76.0,28.0,PVC,Medium,0
Bouskoura,56.4,114.2,4.1,60.0,13.0,HDPE,Medium,1
Derb_Sultan,72.2,117.9,4.5,67.0,4.0,PVC,Medium,0
Gauthier,71.0,104.8,4.0,76.0,6.0,HDPE,Low,0
Hay_Hassani,62.7,100.6,4.0,52.0,15.0,Cast Iron,High,0
Hay_Mohammadi,61.8,114.9,4.2,53.0,3.0,HDPE,Medium,0
Lissasfa,54.0,111.1,3.6,73.0,23.0,Steel,Medium,1
Maarif,63.1,90.4,3.4,81.0,21.0,HDPE,Low,0
Medina,59.5,104.5,4.0,70.0,19.0,Cast Iron,Medium,0
Racine,60.1,121.9,4.9,67.0,22.0,HDPE,High,0
Roches_Noires,74.6,89.0,3.2,59.0,16.0,PVC,Low,0
Sbata,69.7,116.1,4.3,75.0,7.0,HDPE,Medium,0
Sidi_Bernoussi,71.1,106.0,3.8,56.0,9.0,HDPE,Low,0
Sidi_Maarouf,53.3,121.8,4.4,65.0,3.0,Steel,Low,1
Val_Fleuri,59.6,122.2,4.4,66.0,24.0,HDPE,Medium,1
Ain_Diab,51.4,109.4,3.7,62.0,5.0,Cast Iron,Medium,1
Ain_Sebaa,51.3,95.7,3.8,60.0,19.0,PVC,High,1
Anfa,58.7,128.1,4.8,76.0,28.0,PVC,Low,0
Beauséjour,64.2,105.7,3.9,54.0,10.0,HDPE,Low,0
Ben_Msick,59.0,111.4,4.1,72.0,26.0,PVC,Low,1
Bourgogne,52.3,118.5,4.6,75.0,26.0,Cast Iron,Low,1
Bouskoura,66.2,107.1,4.2,65.0,5.0,PVC,Low,0
Derb_Sultan,60.9,113.4,4.3,69.0,15.0,PVC,Medium,1
Gauthier,61.7,86.3,2.9,84.0,3.0,PVC,High,0
Hay_Hassani,59.9,118.9,4.4,50.0,23.0,PVC,Low,1
Hay_Mohammadi,63.1,102.0,3.8,54.0,2.0,HDPE,Medium,0
Lissasfa,71.2,98.3,3.4,54.0,3.0,Steel,Medium,0
Maarif,56.6,100.4,3.4,76.0,21.0,PVC,Medium,1
Medina,69.8,111.4,4.0,81.0,24.0,PVC,Low,0
Racine,67.1,101.8,3.6,61.0,17.0,Steel,Low,0
Roches_Noires,72.3,119.8,4.5,74.0,7.0,HDPE,Medium,0
Sbata,61.4,108.0,3.9,73.0,24.0,HDPE,High,1
Sidi_Bernoussi,63.8,105.0,4.0,54.0,8.0,HDPE,Low,0
Sidi_Maarouf,60.0,122.0,4.3,80.0,18.0,Steel,Medium,0
Val_Fleuri,63.4,100.3,3.4,69.0,17.0,PVC,Medium,0
Ain_Diab,61.3,111.4,4.2,75.0,16.0,PVC,Low,0
Ain_Sebaa,50.0,121.0,3.8,69.0,21.0,Steel,Low,1
Anfa,72.3,119.8,4.5,74.0,7.0,HDPE,Medium,0
Beauséjour,65.7,113.2,4.1,79.0,13.0,Steel,Low,0
Ben_Msick,60.0,109.5,4.2,66.0,10.0,PVC,Medium,0
Bourgogne,60.3,130.0,4.8,55.0,25.0,Cast Iron,Low,1
Bouskoura,54.8,136.5,4.9,73.0,23.0,Cast Iron,Medium,1
Derb_Sultan,67.0,99.5,3.6,73.0,26.0,PVC,High,0
Gauthier,49.8,144.8,5.7,61.0,19.0,Cast Iron,Medium,1
Hay_Hassani,64.6,114.7,4.5,63.0,15.0,HDPE,Medium,0
Hay_Mohammadi,55.9,93.8,3.6,56.0,9.0,PVC,Low,0
Lissasfa,65.3,129.3,5.2,78.0,9.0,HDPE,Medium,0
Maarif,66.6,116.3,4.2,50.0,8.0,Steel,Low,0
Medina,60.4,111.0,4.0,71.0,23.0,PVC,Medium,0
Racine,66.6,123.7,5.1,80.0,20.0,Cast Iron,Medium,1
Roches_Noires,65.8,112.9,4.5,76.0,6.0,Steel,Low,0
Sbata,63.1,101.5,4.0,51.0,19.0,HDPE,Medium,0
Sidi_Bernoussi,51.6,95.6,3.4,71.0,7.0,PVC,Medium,1
Sidi_Maarouf,67.0,98.2,3.6,70.0,24.0,HDPE,Medium,0
Val_Fleuri,75.0,106.9,3.9,78.0,12.0,PVC,Medium,0
Ain_Diab,60.9,119.8,3.7,50.0,26.0,Steel,Medium,1
Ain_Sebaa,64.3,99.2,3.8,69.0,20.0,Cast Iron,Low,0
Anfa,56.0,104.6,3.9,83.0,11.0,PVC,Medium,1
Beauséjour,59.8,122.1,4.4,65.0,27.0,PVC,Low,0
Ben_Msick,64.3,100.9,3.7,56.0,6.0,Steel,Low,0
Bourgogne,59.7,93.8,3.4,69.0,2.0,Steel,High,0
Bouskoura,54.3,139.3,4.7,53.0,11.0,PVC,Medium,1
Derb_Sultan,58.5,109.1,3.8,64.0,20.0,Steel,Low,0
Gauthier,54.9,101.9,4.1,59.0,10.0,Steel,Low,1
Hay_Hassani,57.4,106.9,3.8,72.0,19.0,Steel,Low,1
Hay_Mohammadi,73.9,129.7,4.7,75.0,1.0,PVC,Medium,0
Lissasfa,52.7,98.2,3.4,52.0,27.0,Cast Iron,Low,1
Maarif,68.0,123.4,3.9,59.0,28.0,Cast Iron,Low,0
Medina,57.5,100.8,3.7,71.0,17.0,Steel,Low,0
Racine,46.7,106.8,4.5,80.0,19.0,Steel,High,1
Roches_Noires,63.1,100.8,3.9,84.0,14.0,Cast Iron,Medium,0
Sbata,63.3,105.8,4.0,62.0,18.0,PVC,Low,0
Sidi_Bernoussi,62.2,98.8,3.8,75.0,25.0,Cast Iron,Low,0
Sidi_Maarouf,58.6,101.7,3.8,70.0,4.0,PVC,Low,0
Val_Fleuri,79.0,88.0,3.2,79.0,3.0,PVC,High,0
Ain_Diab,61.2,94.3,3.3,53.0,25.0,HDPE,Medium,0
Ain_Sebaa,66.8,117.9,4.5,50.0,23.0,PVC,Medium,0
Anfa,66.8,114.2,4.7,77.0,22.0,PVC,Low,0
Beauséjour,54.2,100.4,3.4,84.0,22.0,Steel,Low,1
Ben_Msick,63.4,120.3,4.4,56.0,14.0,HDPE,Low,0
Bourgogne,70.7,109.0,4.2,50.0,2.0,PVC,Low,0
Bouskoura,66.1,97.7,3.6,54.0,12.0,Steel,Low,0
Derb_Sultan,67.6,108.5,4.0,79.0,11.0,PVC,Medium,0
Gauthier,68.3,99.3,3.7,67.0,4.0,Steel,Low,0
Hay_Hassani,59.2,112.6,4.2,72.0,26.0,HDPE,Medium,0
Hay_Mohammadi,66.6,117.6,4.4,62.0,6.0,Cast Iron,Low,0
Lissasfa,61.0,100.5,3.9,82.0,6.0,Steel,Low,1
Maarif,65.3,91.8,3.5,70.0,13.0,HDPE,Low,0
Medina,55.0,105.8,4.0,67.0,28.0,PVC,High,1
Racine,59.9,123.3,4.3,68.0,22.0,HDPE,High,1
Roches_Noires,64.6,114.7,4.5,63.0,15.0,HDPE,Medium,0
Sbata,61.2,127.3,5.0,56.0,3.0,Steel,Low,0
Sidi_Bernoussi,65.3,114.8,4.1,67.0,2.0,Cast Iron,Low,0
Sidi_Maarouf,64.0,110.3,3.7,73.0,22.0,Steel,Medium,0
Val_Fleuri,65.6,105.9,4.2,65.0,5.0,PVC,Medium,0
Ain_Diab,69.9,116.9,4.4,71.0,28.0,PVC,Medium,0
Ain_Sebaa,69.5,117.1,4.4,74.0,25.0,PVC,Low,0
Anfa,64.1,97.1,3.2,65.0,12.0,HDPE,High,0
Beauséjour,63.8,119.7,4.3,57.0,8.0,PVC,Low,0
Ben_Msick,50.0,121.0,3.8,69.0,21.0,Steel,Low,1
Bourgogne,61.3,105.5,3.4,82.0,27.0,Cast Iron,Medium,0
Bouskoura,61.2,129.0,4.7,78.0,19.0,HDPE,Medium,0
Derb_Sultan,65.8,107.8,3.8,79.0,21.0,Steel,Low,0
Gauthier,64.9,115.0,4.0,70.0,21.0,Steel,Low,0
Hay_Hassani,71.2,105.0,3.8,65.0,13.0,PVC,Medium,0
Hay_Mohammadi,63.8,77.0,3.0,72.0,8.0,Steel,Low,0
Lissasfa,60.3,110.0,4.2,77.0,6.0,Steel,Medium,1
Maarif,63.6,99.5,3.7,81.0,6.0,PVC,Low,0
Medina,61.2,102.4,3.7,55.0,29.0,Cast Iron,Medium,1
Racine,55.8,121.3,4.6,69.0,20.0,PVC,High,1
Roches_Noires,60.9,113.4,4.3,69.0,15.0,PVC,Medium,1
Sbata,68.7,109.4,3.6,78.0,28.0,HDPE,Medium,0
Sidi_Bernoussi,54.7,111.7,4.2,58.0,21.0,Cast Iron,Low,1
Sidi_Maarouf,66.8,119.5,4.1,70.0,24.0,Steel,Low,0
Val_Fleuri,65.4,109.6,4.0,64.0,28.0,Cast Iron,Low,0
Ain_Diab,57.4,107.8,3.2,59.0,12.0,PVC,Medium,0
Ain_Sebaa,66.6,115.3,4.6,53.0,11.0,HDPE,Low,0
Anfa,63.4,116.9,4.7,53.0,19.0,Cast Iron,Low,0
Beauséjour,56.1,107.8,4.4,67.0,17.0,PVC,High,1
Ben_Msick,66.9,89.5,3.0,83.0,8.0,Steel,Low,0
Bourgogne,62.9,118.5,4.3,55.0,8.0,Steel,Low,1
Bouskoura,58.4,125.6,4.4,73.0,16.0,HDPE,Low,0
Derb_Sultan,69.6,92.7,3.8,52.0,28.0,PVC,Low,0
Gauthier,53.1,100.4,4.3,74.0,27.0,PVC,Medium,1
Hay_Hassani,72.4,107.1,3.9,60.0,12.0,PVC,High,0
Hay_Mohammadi,63.8,100.1,4.2,59.0,11.0,PVC,Low,0
Lissasfa,62.7,107.2,4.1,54.0,3.0,HDPE,Medium,0
Maarif,69.4,104.3,4.4,71.0,1.0,Steel,Low,0
Medina,58.6,98.0,3.3,82.0,8.0,HDPE,Medium,0
Racine,63.9,129.5,4.7,82.0,29.0,PVC,Low,0
Roches_Noires,57.3,124.1,4.5,54.0,1.0,HDPE,Low,1
Sbata,63.9,100.1,3.4,53.0,29.0,HDPE,Low,0
Sidi_Bernoussi,60.7,114.8,4.4,64.0,28.0,HDPE,Low,0
Sidi_Maarouf,67.2,97.5,3.3,75.0,15.0,PVC,Low,0
Val_Fleuri,62.4,107.3,3.4,83.0,26.0,Cast Iron,Low,0
Ain_Diab,62.5,109.7,4.0,60.0,18.0,HDPE,Low,0
Ain_Sebaa,72.2,105.2,4.1,64.0,19.0,Steel,Medium,0
Anfa,69.6,123.8,4.7,61.0,9.0,HDPE,Low,0
Beauséjour,61.3,106.5,4.2,77.0,1.0,PVC,Medium,0
Ben_Msick,62.2,114.8,4.0,76.0,5.0,PVC,High,0
Bourgogne,73.6,102.3,3.9,76.0,5.0,HDPE,Low,0
Bouskoura,68.3,97.9,3.0,82.0,12.0,Cast Iron,High,0
Derb_Sultan,71.1,120.7,4.5,67.0,9.0,Steel,Low,0
Gauthier,67.6,107.1,4.1,75.0,22.0,Steel,Medium,0
Hay_Hassani,51.7,131.7,4.1,83.0,21.0,PVC,Low,1
Hay_Mohammadi,57.9,158.6,5.8,67.0,25.0,PVC,Low,1
Lissasfa,67.7,115.6,3.6,64.0,28.0,HDPE,Low,0
Maarif,61.1,119.4,4.7,77.0,27.0,Cast Iron,Medium,1
Medina,58.5,113.9,3.9,71.0,20.0,HDPE,Low,1
Racine,52.4,121.4,5.2,59.0,7.0,Steel,Low,1
Roches_Noires,75.0,106.9,3.9,78.0,12.0,PVC,Medium,0
Sbata,67.8,116.6,4.1,74.0,21.0,Cast Iron,Medium,0
Sidi_Bernoussi,63.4,101.2,4.1,53.0,2.0,Cast Iron,Medium,0
Sidi_Maarouf,62.4,126.6,5.0,60.0,13.0,HDPE,Low,0
Val_Fleuri,68.3,97.9,3.0,82.0,12.0,Cast Iron,High,0
Ain_Diab,50.7,101.3,4.1,64.0,18.0,PVC,Low,1
Ain_Sebaa,55.8,131.4,5.2,50.0,17.0,HDPE,Low,1
Anfa,66.3,122.5,4.5,66.0,11.0,PVC,Low,0
Beauséjour,60.3,105.5,3.7,64.0,12.0,Cast Iron,Low,0
Ben_Msick,61.8,127.3,5.0,80.0,24.0,PVC,Low,0
Bourgogne,64.2,111.7,3.8,84.0,9.0,PVC,Low,0
Bouskoura,66.3,94.8,3.6,84.0,15.0,Cast Iron,Low,0
Derb_Sultan,67.5,133.2,5.1,57.0,26.0,Steel,Low,0
Gauthier,62.0,103.1,3.7,54.0,2.0,Cast Iron,Low,0
Hay_Hassani,56.1,130.7,4.7,81.0,4.0,PVC,Medium,1
Hay_Mohammadi,59.5,116.4,4.2,68.0,23.0,Steel,Low,1
Lissasfa,69.3,87.6,3.4,60.0,16.0,PVC,Medium,0
Maarif,65.1,99.2,3.9,65.0,20.0,HDPE,Low,0
Medina,63.4,102.9,3.9,76.0,22.0,HDPE,Medium,0
Racine,67.5,94.0,3.7,60.0,20.0,HDPE,Medium,0
Roches_Noires,53.8,124.7,4.7,56.0,13.0,PVC,Medium,1
Sbata,65.5,118.6,4.4,74.0,9.0,PVC,High,0
Sidi_Bernoussi,64.4,113.5,4.2,76.0,26.0,PVC,High,0
Sidi_Maarouf,59.6,121.7,4.6,70.0,22.0,Steel,High,1
Val_Fleuri,68.7,123.7,4.5,71.0,22.0,PVC,High,1
Ain_Diab,65.0,108.7,3.9,58.0,17.0,Cast Iron,Medium,0
Ain_Sebaa,65.5,109.5,4.3,80.0,9.0,Cast Iron,High,0
Anfa,52.6,94.8,3.8,81.0,16.0,Cast Iron,Low,1
Beauséjour,53.1,142.4,5.4,71.0,23.0,HDPE,Low,0
Ben_Msick,58.7,101.3,4.2,80.0,5.0,Cast Iron,Low,1
Bourgogne,66.6,110.7,4.3,71.0,23.0,Steel,Low,0
Bouskoura,51.6,100.9,4.1,74.0,21.0,Cast Iron,High,1
Derb_Sultan,64.8,110.2,4.2,79.0,20.0,PVC,Low,0
Gauthier,62.0,106.5,3.5,51.0,7.0,Steel,Low,0
Hay_Hassani,55.2,88.4,3.5,69.0,19.0,PVC,Low,1
Hay_Mohammadi,58.2,96.0,3.2,81.0,17.0,PVC,Low,1
Lissasfa,62.7,100.6,4.0,52.0,15.0,Cast Iron,High,0
Maarif,60.3,104.3,3.3,78.0,25.0,HDPE,Low,0
Medina,72.6,115.2,4.6,55.0,5.0,PVC,Low,0
Racine,53.2,102.9,3.6,73.0,18.0,PVC,Low,0
Roches_Noires,61.9,98.0,3.5,64.0,12.0,PVC,High,1
Sbata,56.2,139.0,4.6,68.0,29.0,PVC,Low,1
Sidi_Bernoussi,64.2,93.8,3.8,51.0,19.0,PVC,High,0
Sidi_Maarouf,61.3,121.1,4.6,56.0,19.0,HDPE,Medium,0
Val_Fleuri,55.0,123.8,4.6,78.0,26.0,Steel,Low,1
Ain_Diab,69.5,109.9,3.8,82.0,8.0,HDPE,High,0
Ain_Sebaa,62.6,131.1,4.6,51.0,2.0,HDPE,Low,0
Anfa,51.8,127.3,5.2,74.0,28.0,Steel,Medium,1
Beauséjour,59.7,117.7,3.8,54.0,7.0,HDPE,High,0
Ben_Msick,52.3,127.7,4.8,56.0,28.0,PVC,High,1
Bourgogne,70.2,96.6,3.6,61.0,5.0,HDPE,Medium,0
Bouskoura,62.6,109.0,3.7,60.0,26.0,HDPE,Medium,0
Derb_Sultan,64.5,110.0,4.2,77.0,12.0,Steel,Low,0
Gauthier,59.8,92.4,3.7,83.0,4.0,Steel,Medium,0
Hay_Hassani,66.8,98.0,3.1,60.0,23.0,HDPE,Low,0
Hay_Mohammadi,65.1,114.9,3.9,58.0,11.0,Steel,Low,0
Lissasfa,57.8,111.3,4.0,81.0,20.0,Cast Iron,Medium,1
Maarif,54.4,130.3,4.9,78.0,2.0,PVC,High,1
Medina,69.9,110.8,3.7,53.0,19.0,Cast Iron,Low,0
Racine,66.7,110.3,3.8,51.0,1.0,PVC,Low,0
Roches_Noires,61.3,96.6,3.2,69.0,18.0,Steel,Low,1
Sbata,60.5,111.6,3.5,60.0,12.0,HDPE,Medium,1
Sidi_Bernoussi,67.0,99.9,3.7,51.0,14.0,Cast Iron,High,1
Sidi_Maarouf,60.3,105.5,3.7,64.0,12.0,Cast Iron,Low,0
Val_Fleuri,62.0,114.8,4.6,73.0,23.0,Steel,High,0
Ain_Diab,68.5,90.7,3.2,68.0,14.0,Cast Iron,Low,0
Ain_Sebaa,68.6,98.1,3.4,65.0,16.0,HDPE,High,0
Anfa,54.7,113.3,4.6,84.0,15.0,PVC,Low,1
Beauséjour,62.5,109.7,4.0,60.0,18.0,HDPE,Low,0
Ben_Msick,60.3,100.5,3.6,66.0,1.0,HDPE,Low,0
Bourgogne,66.6,116.1,4.7,79.0,2.0,PVC,Low,0
Bouskoura,68.1,92.7,3.4,67.0,29.0,PVC,Medium,0
Derb_Sultan,64.5,119.1,4.4,65.0,6.0,Steel,Medium,1
Gauthier,62.6,115.4,4.2,60.0,8.0,HDPE,Low,0
Hay_Hassani,64.4,112.5,4.0,52.0,6.0,Steel,Low,0
Hay_Mohammadi,68.6,105.2,4.0,58.0,2.0,Steel,Medium,0
Lissasfa,59.7,121.0,4.6,79.0,17.0,PVC,Low,1
Maarif,61.8,111.7,3.6,50.0,2.0,PVC,Medium,1
Medina,52.5,119.2,4.4,67.0,5.0,Steel,Medium,1
Racine,60.4,105.7,3.6,74.0,24.0,Cast Iron,Low,0
Roches_Noires,51.3,95.7,3.8,60.0,19.0,PVC,High,1
Sbata,59.9,100.9,4.1,51.0,21.0,Steel,Low,0
Sidi_Bernoussi,68.2,139.0,5.6,80.0,8.0,PVC,Medium,1
Sidi_Maarouf,69.8,102.4,3.8,61.0,7.0,Steel,High,0
Val_Fleuri,62.7,102.9,4.2,78.0,25.0,HDPE,Low,0
Ain_Diab,65.5,124.0,4.6,64.0,6.0,HDPE,Medium,0
Ain_Sebaa,67.8,116.6,4.1,74.0,21.0,Cast Iron,Medium,0
Anfa,59.3,113.2,4.2,80.0,3.0,PVC,Medium,0
Beauséjour,62.7,106.6,4.0,60.0,22.0,HDPE,Low,1
Ben_Msick,57.0,122.3,4.6,76.0,4.0,HDPE,Low,1
Bourgogne,57.4,111.6,3.8,50.0,23.0,PVC,Medium,0
Bouskoura,67.0,98.2,3.6,70.0,24.0,HDPE,Medium,0
Derb_Sultan,59.6,124.6,4.7,84.0,10.0,PVC,Low,0
Gauthier,70.5,113.4,4.4,63.0,17.0,Cast Iron,Low,0
Hay_Hassani,63.6,113.0,4.4,77.0,1.0,Steel,Medium,0
Hay_Mohammadi,67.0,117.4,4.5,78.0,20.0,HDPE,Low,0
Lissasfa,66.6,128.6,5.0,82.0,3.0,PVC,Medium,1
Maarif,58.5,139.8,5.1,62.0,24.0,Cast Iron,High,1
Medina,61.5,116.1,4.5,82.0,16.0,Steel,Low,1
Racine,61.8,120.6,4.2,67.0,9.0,PVC,High,0
Roches_Noires,56.6,125.1,4.9,81.0,21.0,HDPE,High,0
Sbata,60.9,124.9,4.3,66.0,5.0,PVC,Low,0
Sidi_Bernoussi,50.2,135.5,5.8,84.0,26.0,PVC,Medium,1
Sidi_Maarouf,58.4,121.6,4.6,52.0,23.0,HDPE,High,0
Val_Fleuri,62.9,117.3,4.2,64.0,5.0,PVC,High,0
Ain_Diab,60.2,132.7,5.1,76.0,19.0,HDPE,High,0
Ain_Sebaa,61.6,139.9,5.6,50.0,23.0,Cast Iron,Low,0
Anfa,63.5,98.4,3.9,52.0,10.0,HDPE,Medium,0
Beauséjour,59.2,127.7,5.1,65.0,6.0,HDPE,Low,0
Ben_Msick,53.4,121.5,4.5,63.0,13.0,HDPE,Medium,1
Bourgogne,56.3,99.7,3.9,67.0,6.0,HDPE,High,1
Bouskoura,68.0,111.8,4.0,60.0,15.0,PVC,High,0
Derb_Sultan,58.9,147.8,4.9,79.0,26.0,HDPE,Low,1
Gauthier,66.4,112.4,3.7,56.0,12.0,PVC,Low,0
Hay_Hassani,55.0,105.8,4.0,67.0,28.0,PVC,High,1
Hay_Mohammadi,65.2,128.3,5.1,77.0,3.0,HDPE,Low,0
Lissasfa,65.9,108.3,3.8,82.0,22.0,PVC,Low,0
Maarif,54.6,149.1,5.1,56.0,9.0,HDPE,High,1
Medina,51.3,115.6,4.8,51.0,5.0,PVC,High,1
Racine,52.7,146.6,5.3,65.0,5.0,Cast Iron,Medium,0
Roches_Noires,60.8,100.8,3.8,52.0,17.0,Steel,Low,0
Sbata,72.5,91.7,3.6,75.0,1.0,Steel,Low,0
Sidi_Bernoussi,71.3,108.8,4.2,63.0,10.0,PVC,Low,0
Sidi_Maarouf,47.6,134.9,5.2,82.0,29.0,PVC,Medium,1
Val_Fleuri,51.3,116.9,4.3,53.0,25.0,HDPE,Low,1
Ain_Diab,69.0,85.1,3.4,50.0,26.0,HDPE,Low,0
Ain_Sebaa,58.4,88.0,3.8,55.0,18.0,HDPE,Medium,1
Anfa,56.1,107.8,4.4,67.0,17.0,PVC,High,1
Beauséjour,65.1,114.2,4.2,75.0,25.0,Steel,Medium,0
Ben_Msick,51.0,133.8,5.3,82.0,17.0,Steel,Low,1
Bourgogne,64.8,119.4,4.5,76.0,24.0,PVC,High,0
Bouskoura,71.1,114.0,3.8,84.0,9.0,PVC,Low,0
Derb_Sultan,55.9,109.9,3.7,74.0,11.0,PVC,Low,0
Gauthier,63.4,89.2,3.2,69.0,28.0,HDPE,Low,0
Hay_Hassani,64.4,94.3,3.8,62.0,4.0,Cast Iron,High,1
Hay_Mohammadi,60.3,148.1,5.3,74.0,29.0,Cast Iron,High,1
Lissasfa,70.6,80.6,2.5,60.0,20.0,Cast Iron,High,0
Maarif,65.7,112.6,4.4,66.0,9.0,Steel,Low,0
Medina,68.1,107.9,3.7,72.0,23.0,PVC,Low,0
Racine,66.8,130.4,5.1,62.0,18.0,Steel,Low,1
Roches_Noires,64.8,121.0,4.3,53.0,13.0,Cast Iron,Low,0
Sbata,53.6,127.1,4.8,69.0,26.0,Cast Iron,High,1
Sidi_Bernoussi,64.0,136.9,4.9,71.0,27.0,PVC,High,1
Sidi_Maarouf,60.4,96.4,3.7,54.0,24.0,Steel,Medium,1
Val_Fleuri,60.5,99.8,4.1,52.0,24.0,Steel,Low,1
Ain_Diab,64.3,132.7,4.4,77.0,7.0,Cast Iron,High,0
Ain_Sebaa,50.9,121.8,4.3,77.0,20.0,Cast Iron,Medium,1
Anfa,63.3,97.6,4.2,69.0,13.0,HDPE,Low,0
Beauséjour,52.3,118.5,4.6,75.0,26.0,Cast Iron,Low,1
Ben_Msick,69.3,108.0,4.4,59.0,7.0,Steel,Low,0
Bourgogne,66.4,125.6,4.4,84.0,2.0,Steel,Medium,0
Bouskoura,53.2,102.9,3.6,73.0,18.0,PVC,Low,0
Derb_Sultan,59.4,129.1,4.8,54.0,10.0,Steel,High,1
Gauthier,65.5,124.0,4.6,64.0,6.0,HDPE,Medium,0
Hay_Hassani,71.4,104.4,3.7,81.0,8.0,Cast Iron,Low,0
Hay_Mohammadi,69.9,116.9,4.4,71.0,28.0,PVC,Medium,0
Lissasfa,66.8,109.7,4.5,68.0,27.0,HDPE,High,0
Maarif,62.6,106.9,4.5,75.0,17.0,Steel,High,1
Medina,64.8,118.8,4.8,84.0,16.0,Cast Iron,Low,0
Racine,58.6,140.9,5.5,63.0,12.0,HDPE,Low,1
Roches_Noires,68.1,120.7,4.3,63.0,14.0,HDPE,Low,0
Sbata,63.9,115.0,4.3,62.0,28.0,PVC,Low,0
Sidi_Bernoussi,65.6,94.7,3.6,72.0,11.0,Cast Iron,Low,0
Sidi_Maarouf,59.4,125.7,4.4,69.0,23.0,PVC,High,1
Val_Fleuri,63.8,100.1,4.2,59.0,11.0,PVC,Low,0
Ain_Diab,56.2,105.6,3.6,83.0,12.0,HDPE,Low,1
Ain_Sebaa,55.5,104.2,4.0,57.0,26.0,Steel,Low,1
Anfa,56.3,132.3,4.8,50.0,28.0,HDPE,High,1
Beauséjour,63.5,120.8,4.5,57.0,29.0,HDPE,Low,1
Ben_Msick,64.5,118.4,4.1,72.0,14.0,Cast Iron,Low,0
Bourgogne,69.7,116.9,4.5,58.0,12.0,PVC,High,0
Bouskoura,59.7,101.2,3.8,64.0,17.0,HDPE,Medium,0
Derb_Sultan,70.6,80.6,2.5,60.0,20.0,Cast Iron,High,0
Gauthier,61.3,105.5,3.4,82.0,27.0,Cast Iron,Medium,0
Hay_Hassani,60.2,132.7,5.1,76.0,19.0,HDPE,High,0
Hay_Mohammadi,53.6,146.3,5.5,67.0,23.0,PVC,Low,1
Lissasfa,63.4,136.2,5.3,66.0,11.0,Steel,Medium,0
Maarif,65.5,120.8,4.6,56.0,9.0,PVC,Low,0
Medina,64.5,110.0,4.2,77.0,12.0,Steel,Low,0
Racine,65.2,75.5,3.1,62.0,27.0,HDPE,Medium,0
Roches_Noires,64.0,114.9,3.7,72.0,21.0,PVC,Low,0
Sbata,47.4,132.1,4.9,67.0,18.0,PVC,Low,1
Sidi_Bernoussi,63.6,108.9,3.4,80.0,24.0,HDPE,Low,1
Sidi_Maarouf,44.9,141.6,5.6,82.0,8.0,Cast Iron,Medium,1
Val_Fleuri,61.1,127.2,5.0,58.0,22.0,PVC,High,1
Ain_Diab,63.1,112.7,4.3,82.0,8.0,Steel,Medium,0
Ain_Sebaa,49.1,124.7,4.9,63.0,15.0,HDPE,High,1
Anfa,68.5,104.2,4.0,78.0,17.0,Cast Iron,Medium,0
Beauséjour,68.4,124.7,4.6,62.0,5.0,Cast Iron,Low,0
Ben_Msick,68.6,112.0,4.7,57.0,8.0,HDPE,High,0
Bourgogne,66.6,105.8,4.1,66.0,3.0,PVC,Medium,0
Bouskoura,61.5,115.0,3.8,66.0,20.0,PVC,Medium,0
Derb_Sultan,46.7,106.8,4.5,80.0,19.0,Steel,High,1
Gauthier,63.2,96.8,4.2,57.0,15.0,Steel,Medium,0
Hay_Hassani,62.9,93.3,3.4,75.0,26.0,PVC,Low,1
Hay_Mohammadi,54.6,111.0,4.3,60.0,18.0,Steel,Medium,1
Lissasfa,60.3,104.3,3.3,78.0,25.0,HDPE,Low,0
Maarif,52.3,118.5,4.6,75.0,26.0,Cast Iron,Low,1
Medina,65.2,75.5,3.1,62.0,27.0,HDPE,Medium,0
Racine,65.6,119.0,4.5,69.0,23.0,HDPE,High,0
Roches_Noires,70.9,106.5,4.3,80.0,5.0,HDPE,Low,0
Sbata,66.7,77.6,2.5,77.0,27.0,PVC,Medium,0
Sidi_Bernoussi,68.2,105.5,4.1,67.0,12.0,Steel,High,0
Sidi_Maarouf,60.4,107.3,4.3,78.0,22.0,PVC,High,0
Val_Fleuri,67.0,110.2,3.9,71.0,19.0,Steel,Low,1
Ain_Diab,72.1,118.4,4.5,63.0,12.0,PVC,Medium,0
Ain_Sebaa,70.1,109.7,3.9,82.0,15.0,HDPE,Low,0
Anfa,63.5,98.7,3.3,65.0,13.0,PVC,High,0
Beauséjour,59.8,122.1,4.4,65.0,27.0,PVC,Low,0
Ben_Msick,65.7,116.8,4.5,52.0,13.0,Steel,Medium,0
Bourgogne,66.9,105.4,4.1,82.0,28.0,Steel,Medium,0
Bouskoura,55.3,114.2,4.5,61.0,29.0,Steel,High,0
Derb_Sultan,63.9,114.6,3.7,72.0,24.0,HDPE,Medium,0
Gauthier,67.2,112.1,4.0,51.0,13.0,Cast Iron,Low,0
Hay_Hassani,65.6,105.0,4.5,55.0,22.0,HDPE,Medium,1
Hay_Mohammadi,68.5,90.7,3.2,68.0,14.0,Cast Iron,Low,0
Lissasfa,50.7,101.3,4.1,64.0,18.0,PVC,Low,1
Maarif,64.4,113.2,4.4,72.0,13.0,HDPE,Medium,0
Medina,63.7,97.3,3.9,79.0,13.0,PVC,Low,0
Racine,68.5,134.9,5.1,67.0,20.0,HDPE,High,0
Roches_Noires,62.5,114.0,4.5,69.0,16.0,HDPE,Medium,0
Sbata,69.5,123.5,4.7,70.0,5.0,Steel,Medium,0
Sidi_Bernoussi,62.6,129.2,4.7,58.0,11.0,Steel,Low,0
Sidi_Maarouf,57.6,119.1,4.4,51.0,18.0,HDPE,Low,0
Val_Fleuri,62.8,104.9,3.9,78.0,26.0,Steel,High,1
Ain_Diab,47.4,129.1,4.5,57.0,14.0,PVC,Medium,1
Ain_Sebaa,68.0,126.5,4.9,79.0,28.0,Steel,Low,0
Anfa,57.5,143.7,5.0,76.0,24.0,Cast Iron,Medium,1
Beauséjour,69.6,138.5,5.1,72.0,21.0,HDPE,Low,0
Ben_Msick,65.9,111.8,4.0,58.0,8.0,PVC,Medium,0
Bourgogne,61.3,102.7,4.0,80.0,10.0,Cast Iron,Medium,1
Bouskoura,56.3,99.7,3.9,67.0,6.0,HDPE,High,1
Derb_Sultan,61.0,92.7,4.1,83.0,3.0,HDPE,Medium,1
Gauthier,54.9,107.3,3.3,62.0,14.0,HDPE,Medium,0
Hay_Hassani,71.3,92.9,3.5,73.0,16.0,HDPE,Medium,0
Hay_Mohammadi,69.1,112.6,4.5,51.0,13.0,Cast Iron,High,0
Lissasfa,56.6,125.1,4.9,81.0,21.0,HDPE,High,0
Maarif,66.2,132.8,5.3,62.0,1.0,HDPE,Medium,0
Medina,75.0,106.9,3.9,78.0,12.0,PVC,Medium,0
Racine,57.4,127.1,4.3,51.0,17.0,Steel,Low,1
Roches_Noires,56.8,139.0,5.0,83.0,13.0,Steel,High,1
Sbata,50.7,101.3,4.1,64.0,18.0,PVC,Low,1
Sidi_Bernoussi,69.9,110.8,3.9,67.0,6.0,PVC,High,0
Sidi_Maarouf,51.7,117.2,4.0,51.0,18.0,PVC,Low,1
Val_Fleuri,49.4,128.9,5.0,77.0,21.0,HDPE,Medium,1
Ain_Diab,63.6,105.8,3.9,63.0,5.0,PVC,Low,0
Ain_Sebaa,62.8,113.6,4.2,75.0,8.0,Cast Iron,Medium,0
Anfa,55.9,112.4,4.8,61.0,12.0,Cast Iron,Medium,1
Beauséjour,54.5,118.2,4.4,67.0,14.0,Steel,Low,0
Ben_Msick,74.3,111.9,4.7,62.0,22.0,HDPE,Medium,0
Bourgogne,65.4,111.7,3.8,58.0,5.0,Cast Iron,Low,0
Bouskoura,62.3,116.3,4.3,66.0,17.0,Steel,High,1
Derb_Sultan,61.3,105.5,3.4,82.0,27.0,Cast Iron,Medium,0
Gauthier,50.8,148.0,5.1,76.0,28.0,HDPE,High,1
Hay_Hassani,75.9,115.7,4.6,55.0,11.0,Steel,Low,0
Hay_Mohammadi,64.4,134.6,5.2,80.0,26.0,HDPE,Medium,0
Lissasfa,53.7,111.2,3.9,63.0,20.0,Cast Iron,Low,1
Maarif,59.4,125.7,4.4,69.0,23.0,PVC,High,1
Medina,60.3,122.0,4.8,82.0,29.0,Cast Iron,Low,1
Racine,70.5,117.4,4.1,81.0,17.0,HDPE,Low,0
Roches_Noires,56.5,143.7,5.2,71.0,16.0,HDPE,Medium,1
Sbata,67.4,133.2,5.4,81.0,15.0,PVC,High,0
Sidi_Bernoussi,64.6,91.1,3.6,52.0,24.0,HDPE,Medium,0
Sidi_Maarouf,64.9,96.9,3.5,83.0,28.0,HDPE,Medium,0
Val_Fleuri,62.2,114.8,4.0,76.0,5.0,PVC,High,0
Ain_Diab,64.0,114.9,3.7,72.0,21.0,PVC,Low,0
Ain_Sebaa,63.3,95.0,4.2,52.0,21.0,PVC,High,0
Anfa,59.7,111.0,4.5,67.0,19.0,PVC,Low,1
Beauséjour,59.0,116.0,4.3,70.0,15.0,PVC,High,1
Ben_Msick,65.9,127.4,4.3,56.0,29.0,Steel,Medium,0
Bourgogne,59.8,106.5,3.9,58.0,22.0,Steel,Low,0
Bouskoura,51.9,119.6,4.1,53.0,18.0,Steel,Medium,1
Derb_Sultan,61.9,131.8,5.6,56.0,1.0,HDPE,High,0
Gauthier,63.0,129.5,4.3,61.0,27.0,Cast Iron,Medium,0
Hay_Hassani,68.6,113.6,3.6,70.0,17.0,HDPE,Low,0
Hay_Mohammadi,60.0,117.1,4.3,79.0,21.0,HDPE,Medium,1
Lissasfa,69.6,97.9,3.4,67.0,23.0,HDPE,High,0
Maarif,64.8,113.6,4.4,61.0,12.0,PVC,Medium,0
Medina,58.9,147.8,4.9,79.0,26.0,HDPE,Low,1
Racine,62.7,100.6,4.0,52.0,15.0,Cast Iron,High,0
Roches_Noires,64.2,111.7,3.8,84.0,9.0,PVC,Low,0
Sbata,68.3,97.9,3.0,82.0,12.0,Cast Iron,High,0
Sidi_Bernoussi,68.6,124.8,4.5,64.0,21.0,PVC,Low,0
Sidi_Maarouf,71.0,92.4,3.4,69.0,10.0,PVC,Low,0
Val_Fleuri,66.5,137.1,5.2,71.0,14.0,HDPE,Medium,0
Ain_Diab,61.8,114.5,4.0,64.0,25.0,HDPE,Low,1
Ain_Sebaa,68.9,116.6,4.4,62.0,1.0,PVC,Low,0
Anfa,71.6,87.7,3.2,64.0,24.0,HDPE,Medium,1
Beauséjour,46.7,118.5,4.2,77.0,20.0,PVC,High,1
Ben_Msick,69.1,107.7,4.0,74.0,5.0,Steel,Medium,0
Bourgogne,60.8,126.8,4.3,84.0,20.0,HDPE,High,0
Bouskoura,69.1,97.4,4.0,61.0,18.0,Steel,Low,0
Derb_Sultan,62.8,121.4,4.6,53.0,16.0,Steel,Medium,0
Gauthier,58.4,103.5,4.0,57.0,5.0,Steel,High,1
Hay_Hassani,58.8,108.3,4.0,76.0,19.0,PVC,Low,0
Hay_Mohammadi,56.4,98.9,3.8,84.0,11.0,Steel,High,0
Lissasfa,54.0,118.8,4.2,62.0,24.0,PVC,Low,1
Maarif,58.6,140.9,5.5,63.0,12.0,HDPE,Low,1
Medina,62.0,93.9,3.5,74.0,5.0,Steel,Low,0
Racine,67.1,102.8,3.6,77.0,13.0,HDPE,Low,0
Roches_Noires,70.3,128.2,4.9,55.0,26.0,PVC,Medium,0
Sbata,58.4,109.0,4.5,61.0,17.0,PVC,Medium,0
Sidi_Bernoussi,64.3,91.2,3.3,58.0,19.0,PVC,Low,0
Sidi_Maarouf,59.2,103.7,4.5,58.0,19.0,Steel,Medium,1
Val_Fleuri,64.8,130.9,5.3,50.0,18.0,HDPE,Low,0
Ain_Diab,58.4,121.6,4.6,52.0,23.0,HDPE,High,0
Ain_Sebaa,58.6,101.7,3.8,70.0,4.0,PVC,Low,0
Anfa,52.0,127.6,4.7,50.0,4.0,Cast Iron,Low,1
Beauséjour,69.6,97.9,3.4,67.0,23.0,HDPE,High,0
Ben_Msick,66.6,104.6,4.0,64.0,18.0,PVC,Low,0
Bourgogne,63.5,108.6,4.2,82.0,26.0,Steel,High,0
Bouskoura,63.3,105.8,3.4,55.0,8.0,HDPE,Low,0
Derb_Sultan,66.5,90.3,3.6,54.0,17.0,Steel,Medium,0
Gauthier,49.5,133.1,4.7,79.0,28.0,Steel,Low,1
Hay_Hassani,65.1,127.3,4.3,63.0,4.0,Steel,Medium,0
Hay_Mohammadi,69.3,127.0,4.8,62.0,28.0,HDPE,Medium,0
Lissasfa,59.7,128.3,4.7,58.0,9.0,Steel,High,0
Maarif,61.1,120.0,4.5,56.0,11.0,PVC,Medium,1
Medina,51.4,127.0,4.7,50.0,21.0,Steel,High,1
Racine,64.8,106.0,4.3,56.0,4.0,PVC,Low,0
Roches_Noires,62.5,109.7,4.0,60.0,18.0,HDPE,Low,0
Sbata,71.1,106.9,3.9,68.0,8.0,PVC,Medium,0
Sidi_Bernoussi,57.3,105.9,3.7,82.0,8.0,PVC,Medium,0
Sidi_Maarouf,67.6,108.8,4.3,80.0,28.0,Steel,Medium,0
Val_Fleuri,72.4,107.1,3.9,60.0,12.0,PVC,High,0
Ain_Diab,47.4,132.1,4.9,67.0,18.0,PVC,Low,1
Ain_Sebaa,66.0,112.8,4.6,82.0,15.0,HDPE,High,0
Anfa,62.0,115.4,4.3,51.0,17.0,Steel,Medium,0
Beauséjour,68.3,99.3,3.7,67.0,4.0,Steel,Low,0
Ben_Msick,64.9,96.9,3.5,83.0,28.0,HDPE,Medium,0
Bourgogne,67.3,105.0,4.1,83.0,29.0,Cast Iron,Medium,0
Bouskoura,59.5,104.5,4.0,70.0,19.0,Cast Iron,Medium,0
Derb_Sultan,74.7,108.4,4.1,74.0,1.0,Steel,High,0
Gauthier,48.5,124.3,4.1,69.0,24.0,Steel,High,1
Hay_Hassani,56.1,115.0,3.6,79.0,12.0,HDPE,Medium,0
Hay_Mohammadi,63.9,129.5,4.7,82.0,29.0,PVC,Low,0
Lissasfa,67.6,108.5,4.0,79.0,11.0,PVC,Medium,0
Maarif,51.8,138.1,4.8,63.0,26.0,HDPE,Medium,1
Medina,59.5,95.2,3.2,82.0,8.0,PVC,Medium,0
Racine,79.1,121.4,4.3,67.0,5.0,Steel,Medium,0
Roches_Noires,59.4,84.2,3.5,79.0,29.0,HDPE,Low,0
Sbata,55.1,91.3,3.6,53.0,3.0,PVC,Medium,0
Sidi_Bernoussi,65.9,129.5,5.0,61.0,6.0,PVC,Low,0
Sidi_Maarouf,72.5,131.3,4.3,75.0,4.0,HDPE,Low,0
Val_Fleuri,68.9,113.3,4.3,52.0,11.0,HDPE,Medium,0
Ain_Diab,70.7,109.0,4.2,50.0,2.0,PVC,Low,0
Ain_Sebaa,62.9,117.8,4.4,81.0,4.0,Steel,Medium,1
Anfa,65.9,112.3,4.0,79.0,2.0,HDPE,Medium,0
Beauséjour,73.3,120.5,4.8,66.0,18.0,HDPE,Low,0
Ben_Msick,64.3,117.6,4.4,69.0,17.0,HDPE,Low,0
Bourgogne,64.1,136.4,5.2,63.0,28.0,HDPE,Medium,1
Bouskoura,64.6,103.9,4.0,83.0,10.0,Cast Iron,Medium,0
Derb_Sultan,64.8,121.0,4.3,53.0,13.0,Cast Iron,Low,0
Gauthier,65.9,108.3,3.8,82.0,22.0,PVC,Low,0
Hay_Hassani,54.5,118.2,4.4,67.0,14.0,Steel,Low,0
Hay_Mohammadi,52.8,116.2,4.3,68.0,24.0,PVC,Low,1
Lissasfa,60.9,138.2,5.0,57.0,8.0,PVC,Medium,0
Maarif,58.7,118.3,4.7,60.0,23.0,Cast Iron,High,1
Medina,65.3,115.6,4.2,50.0,13.0,Steel,High,0
Racine,60.8,97.2,3.0,67.0,15.0,HDPE,Low,0
Roches_Noires,66.1,123.9,4.3,64.0,10.0,Cast Iron,Low,0
Sbata,64.7,98.2,3.4,72.0,28.0,Steel,Medium,1
Sidi_Bernoussi,58.1,134.4,5.1,57.0,27.0,HDPE,Low,1
Sidi_Maarouf,71.1,123.1,4.2,73.0,19.0,PVC,Low,0
Val_Fleuri,64.6,111.3,4.1,58.0,11.0,HDPE,Low,0
Ain_Diab,61.7,118.0,4.4,70.0,2.0,Steel,Low,0
Ain_Sebaa,64.3,93.4,3.6,70.0,17.0,PVC,Medium,0
Anfa,60.5,118.8,4.1,57.0,22.0,HDPE,Low,0
Beauséjour,63.6,99.0,3.4,53.0,2.0,PVC,Low,0
Ben_Msick,70.3,128.2,4.9,55.0,26.0,PVC,Medium,0
Bourgogne,66.7,109.6,4.3,50.0,5.0,PVC,High,0
Bouskoura,67.9,119.4,4.2,59.0,23.0,HDPE,Low,1
Derb_Sultan,60.8,97.2,3.0,67.0,15.0,HDPE,Low,0
Gauthier,62.7,116.9,4.5,52.0,7.0,Steel,Medium,0
Hay_Hassani,58.0,86.6,3.0,70.0,15.0,HDPE,Low,1
Hay_Mohammadi,53.4,106.8,3.9,51.0,5.0,PVC,Low,1
Lissasfa,67.0,125.4,4.6,63.0,29.0,HDPE,Low,0
Maarif,53.8,103.8,3.9,67.0,18.0,PVC,Low,1
Medina,56.3,99.7,3.9,67.0,6.0,HDPE,High,1
Racine,52.8,100.9,3.7,84.0,7.0,Cast Iron,Medium,1
Roches_Noires,61.9,122.7,4.5,71.0,16.0,PVC,High,1
Sbata,64.3,115.1,4.1,54.0,26.0,HDPE,Medium,0
Sidi_Bernoussi,64.7,103.3,4.0,66.0,5.0,PVC,Medium,0
Sidi_Maarouf,61.2,137.8,5.4,66.0,17.0,HDPE,High,1
Val_Fleuri,66.6,87.7,2.9,53.0,21.0,HDPE,High,0
Ain_Diab,68.8,105.3,4.2,51.0,29.0,Steel,Low,0
Ain_Sebaa,67.5,110.5,3.6,69.0,25.0,Cast Iron,Medium,0
Anfa,66.8,118.7,4.4,72.0,26.0,PVC,Low,0
Beauséjour,67.1,102.8,3.6,77.0,13.0,HDPE,Low,0
Ben_Msick,63.3,118.7,4.0,74.0,6.0,HDPE,Low,0
Bourgogne,60.2,118.6,4.4,53.0,8.0,PVC,Medium,1
Bouskoura,63.5,111.3,4.2,71.0,15.0,PVC,High,1
Derb_Sultan,62.9,118.5,4.3,55.0,8.0,Steel,Low,1
Gauthier,59.0,136.4,4.9,66.0,24.0,PVC,Medium,0
Hay_Hassani,65.8,103.6,3.8,60.0,25.0,Steel,Low,0
Hay_Mohammadi,64.5,119.1,4.4,65.0,6.0,Steel,Medium,1
Lissasfa,60.8,105.0,3.7,77.0,26.0,Steel,Medium,0
Maarif,54.8,122.6,4.9,55.0,2.0,PVC,High,1
Medina,51.8,132.0,5.1,56.0,13.0,HDPE,Low,1
Racine,73.0,92.7,3.5,62.0,28.0,HDPE,Low,0
Roches_Noires,66.6,121.4,4.5,78.0,27.0,Cast Iron,Low,0
Sbata,73.0,111.3,4.1,65.0,12.0,Steel,Low,0
Sidi_Bernoussi,65.5,120.8,4.6,56.0,9.0,PVC,Low,0
Sidi_Maarouf,55.4,135.2,4.7,64.0,12.0,Steel,Medium,1
Val_Fleuri,57.6,127.3,5.1,55.0,18.0,Steel,Low,1
Ain_Diab,59.6,117.6,4.4,84.0,21.0,Cast Iron,Medium,1
Ain_Sebaa,67.9,100.0,3.5,78.0,18.0,HDPE,Low,0
Anfa,63.4,100.1,3.8,56.0,20.0,HDPE,Medium,0
Beauséjour,63.1,114.6,4.8,69.0,29.0,HDPE,Medium,0
Ben_Msick,56.5,128.4,4.7,54.0,28.0,PVC,Low,1
Bourgogne,56.8,139.0,5.0,83.0,13.0,Steel,High,1
Bouskoura,64.3,102.5,3.9,58.0,24.0,PVC,Low,0
Derb_Sultan,58.5,112.9,4.0,60.0,7.0,PVC,Low,1
Gauthier,67.0,98.2,3.6,70.0,24.0,HDPE,Medium,0
Hay_Hassani,49.8,92.9,3.4,63.0,23.0,PVC,High,1
Hay_Mohammadi,52.7,124.5,4.7,74.0,25.0,Steel,Low,0
Lissasfa,52.3,118.5,4.6,75.0,26.0,Cast Iron,Low,1
Maarif,64.4,134.6,5.2,80.0,26.0,HDPE,Medium,0
Medina,65.5,115.5,4.1,53.0,21.0,HDPE,Medium,0
Racine,70.2,102.7,3.8,77.0,19.0,PVC,High,0
Roches_Noires,62.7,107.2,4.1,54.0,3.0,HDPE,Medium,0
Sbata,60.1,121.9,4.9,67.0,22.0,HDPE,High,0
Sidi_Bernoussi,71.0,92.4,3.4,69.0,10.0,PVC,Low,0
Sidi_Maarouf,61.2,137.8,5.4,66.0,17.0,HDPE,High,1
Val_Fleuri,48.0,104.8,4.0,72.0,12.0,PVC,Low,1
Ain_Diab,56.8,115.5,4.1,80.0,22.0,HDPE,Low,1
Ain_Sebaa,51.5,97.2,3.4,55.0,23.0,HDPE,Low,0
Anfa,69.2,109.8,3.4,54.0,7.0,Steel,Medium,0
Beauséjour,68.5,92.2,3.3,69.0,1.0,HDPE,Medium,0
Ben_Msick,62.1,121.7,4.2,84.0,15.0,PVC,Medium,0
Bourgogne,51.6,100.9,4.1,74.0,21.0,Cast Iron,High,1
Bouskoura,67.0,110.2,3.9,71.0,19.0,Steel,Low,1
Derb_Sultan,53.7,124.5,4.6,67.0,11.0,HDPE,Medium,1
Gauthier,59.8,106.5,3.9,58.0,22.0,Steel,Low,0
Hay_Hassani,63.2,107.9,4.4,72.0,11.0,Steel,Low,0
Hay_Mohammadi,70.3,92.1,3.5,54.0,8.0,PVC,High,0
Lissasfa,60.5,118.8,4.1,57.0,22.0,HDPE,Low,0
Maarif,66.8,93.6,3.5,68.0,29.0,Cast Iron,Medium,0
Medina,63.6,85.1,3.0,67.0,17.0,Steel,Medium,0
Racine,60.4,96.4,3.7,54.0,24.0,Steel,Medium,1
Roches_Noires,58.1,114.3,5.0,57.0,20.0,PVC,Medium,0
Sbata,58.7,85.2,3.6,75.0,7.0,Steel,Medium,1
Sidi_Bernoussi,61.2,127.3,5.0,56.0,3.0,Steel,Low,0
Sidi_Maarouf,58.6,101.7,3.8,70.0,4.0,PVC,Low,0
Val_Fleuri,65.1,148.1,5.0,58.0,19.0,PVC,Medium,0
Ain_Diab,50.5,133.3,5.2,58.0,29.0,PVC,Low,1
Ain_Sebaa,74.0,107.2,3.8,56.0,21.0,HDPE,Medium,0
Anfa,63.0,110.4,4.1,71.0,18.0,Steel,Low,0
Beauséjour,69.0,116.3,4.2,58.0,26.0,Steel,Low,0
Ben_Msick,56.1,130.7,4.7,81.0,4.0,PVC,Medium,1
Bourgogne,65.3,91.8,3.5,70.0,13.0,HDPE,Low,0
Bouskoura,64.4,80.7,2.8,51.0,29.0,HDPE,Medium,0
Derb_Sultan,64.6,103.9,4.0,83.0,10.0,Cast Iron,Medium,0
Gauthier,63.2,124.6,4.7,64.0,2.0,HDPE,Medium,0
Hay_Hassani,66.8,93.0,3.9,63.0,22.0,Cast Iron,Medium,0
Hay_Mohammadi,63.1,117.5,4.7,82.0,1.0,PVC,Medium,0
Lissasfa,53.1,142.4,5.4,71.0,23.0,HDPE,Low,0
Maarif,57.9,125.4,5.1,51.0,20.0,HDPE,Medium,1
Medina,61.0,111.3,4.2,71.0,21.0,HDPE,High,0
Racine,64.9,94.2,3.1,65.0,14.0,HDPE,Medium,0
Roches_Noires,54.7,111.0,4.5,77.0,28.0,PVC,Low,1
Sbata,69.2,109.8,3.4,54.0,7.0,Steel,Medium,0
Sidi_Bernoussi,57.8,103.0,3.7,83.0,25.0,PVC,High,1
Sidi_Maarouf,66.7,81.6,3.4,78.0,1.0,PVC,Low,0
Val_Fleuri,59.9,123.3,4.8,63.0,1.0,HDPE,Low,0
Ain_Diab,67.0,90.9,3.4,77.0,23.0,PVC,Low,0
Ain_Sebaa,60.3,110.0,4.2,77.0,6.0,Steel,Medium,1
Anfa,68.9,102.4,4.1,72.0,1.0,HDPE,Medium,0
Beauséjour,61.3,106.7,4.0,53.0,8.0,HDPE,Low,0
Ben_Msick,60.6,126.2,4.5,82.0,25.0,HDPE,Low,1
Bourgogne,65.1,114.9,3.9,58.0,11.0,Steel,Low,0
Bouskoura,67.1,118.4,4.4,72.0,12.0,HDPE,Low,0
Derb_Sultan,63.3,105.8,4.0,62.0,18.0,PVC,Low,0
Gauthier,63.9,119.4,4.1,66.0,14.0,Steel,Low,0
Hay_Hassani,63.7,99.0,3.7,62.0,24.0,HDPE,Medium,0
Hay_Mohammadi,50.6,122.6,4.5,51.0,12.0,HDPE,Low,0
Lissasfa,55.8,119.8,4.4,78.0,1.0,HDPE,Low,0
Maarif,72.2,104.1,3.8,50.0,23.0,PVC,Medium,0
Medina,62.8,109.1,4.6,57.0,13.0,Steel,Low,0
Racine,61.1,120.0,4.5,56.0,11.0,PVC,Medium,1
Roches_Noires,57.6,127.3,5.1,55.0,18.0,Steel,Low,1
Sbata,66.9,128.1,5.3,56.0,15.0,HDPE,Medium,0
Sidi_Bernoussi,61.3,123.4,5.0,63.0,23.0,HDPE,Low,0
Sidi_Maarouf,54.2,103.5,3.9,75.0,29.0,PVC,Medium,1
Val_Fleuri,47.1,112.4,4.4,81.0,24.0,Cast Iron,High,1
Ain_Diab,56.0,104.9,4.2,67.0,23.0,PVC,Low,1
Ain_Sebaa,62.8,113.6,4.2,75.0,8.0,Cast Iron,Medium,0
Anfa,71.1,123.1,4.2,73.0,19.0,PVC,Low,0
Beauséjour,59.7,128.3,4.7,58.0,9.0,Steel,High,0
Ben_Msick,61.0,121.6,4.5,82.0,25.0,PVC,Medium,0
Bourgogne,62.7,116.1,4.4,76.0,10.0,Steel,Low,0
Bouskoura,66.7,81.6,3.4,78.0,1.0,PVC,Low,0
Derb_Sultan,60.1,102.7,3.3,68.0,14.0,HDPE,Medium,0
Gauthier,57.3,113.1,4.2,79.0,15.0,Steel,High,0
Hay_Hassani,63.3,118.7,4.0,74.0,6.0,HDPE,Low,0
Hay_Mohammadi,66.4,98.5,3.5,72.0,4.0,HDPE,High,0
Lissasfa,61.2,117.4,4.4,84.0,1.0,PVC,Medium,0
Maarif,47.1,112.4,4.4,81.0,24.0,Cast Iron,High,1
Medina,56.4,111.0,3.7,55.0,1.0,HDPE,Low,1
Racine,52.9,106.2,3.8,70.0,17.0,HDPE,High,1
Roches_Noires,59.3,123.7,4.6,76.0,26.0,PVC,High,1
Sbata,62.1,118.6,3.9,65.0,5.0,PVC,High,1
Sidi_Bernoussi,68.7,152.0,6.0,74.0,17.0,PVC,Low,0
Sidi_Maarouf,71.9,84.3,3.2,62.0,12.0,HDPE,High,0
Val_Fleuri,66.4,98.5,3.5,72.0,4.0,HDPE,High,0
Ain_Diab,64.4,94.4,2.6,78.0,28.0,HDPE,Low,0
Ain_Sebaa,53.9,127.7,4.9,52.0,28.0,PVC,Low,1
Anfa,54.3,139.3,4.7,53.0,11.0,PVC,Medium,1
Beauséjour,67.2,97.5,3.3,75.0,15.0,PVC,Low,0
Ben_Msick,65.6,109.6,4.4,75.0,5.0,Steel,Medium,0
Bourgogne,67.8,117.6,4.5,77.0,4.0,PVC,Low,0
Bouskoura,54.8,144.7,5.6,53.0,11.0,Steel,Medium,1
Derb_Sultan,68.6,113.5,4.8,69.0,4.0,Cast Iron,Medium,0
Gauthier,69.7,109.0,4.5,71.0,16.0,HDPE,Low,0
Hay_Hassani,65.9,113.4,4.2,51.0,3.0,PVC,Low,0
Hay_Mohammadi,65.4,120.2,3.9,62.0,19.0,Steel,Medium,0
Lissasfa,62.4,100.4,4.1,75.0,8.0,Steel,Medium,0
Maarif,59.4,84.2,3.5,79.0,29.0,HDPE,Low,0
Medina,63.1,101.5,4.0,51.0,19.0,HDPE,Medium,0
Racine,54.0,118.8,4.2,62.0,24.0,PVC,Low,1
Roches_Noires,59.9,135.1,4.9,66.0,17.0,Cast Iron,Low,0
Sbata,71.9,84.3,3.2,62.0,12.0,HDPE,High,0
Sidi_Bernoussi,61.0,94.8,3.5,79.0,20.0,Steel,High,1
Sidi_Maarouf,66.1,108.2,4.1,70.0,24.0,Cast Iron,Low,0
Val_Fleuri,63.6,126.6,4.6,84.0,10.0,PVC,Low,1
Ain_Diab,65.4,105.5,4.1,81.0,19.0,PVC,Low,0
Ain_Sebaa,59.5,113.2,4.0,83.0,25.0,HDPE,Medium,1
Anfa,66.5,131.3,4.9,82.0,10.0,HDPE,Low,0
Beauséjour,59.6,105.8,3.3,66.0,7.0,HDPE,Low,1
Ben_Msick,65.3,98.5,3.7,54.0,17.0,PVC,Low,0
Bourgogne,67.4,113.1,4.1,81.0,16.0,Steel,Medium,0
Bouskoura,54.6,105.1,4.1,75.0,8.0,Cast Iron,High,1
Derb_Sultan,59.5,106.4,3.6,79.0,3.0,PVC,Low,0
Gauthier,66.1,97.7,3.6,54.0,12.0,Steel,Low,0
Hay_Hassani,69.9,121.2,4.4,67.0,15.0,Cast Iron,Medium,0
Hay_Mohammadi,66.8,130.4,5.1,62.0,18.0,Steel,Low,1
Lissasfa,55.9,93.8,3.6,56.0,9.0,PVC,Low,0
Maarif,56.0,100.9,4.1,61.0,8.0,PVC,Medium,1
Medina,63.8,117.0,4.5,57.0,4.0,HDPE,Low,0
Racine,63.2,124.6,4.7,64.0,2.0,HDPE,Medium,0
Roches_Noires,59.5,106.4,3.6,79.0,3.0,PVC,Low,0
Sbata,62.6,112.0,4.0,80.0,19.0,HDPE,Low,0
Sidi_Bernoussi,60.6,112.9,4.3,71.0,15.0,Steel,Medium,1
Sidi_Maarouf,51.8,117.7,4.9,66.0,19.0,PVC,High,1
Val_Fleuri,69.7,109.0,4.5,71.0,16.0,HDPE,Low,0
Ain_Diab,52.0,111.9,4.3,71.0,8.0,Steel,Low,1
Ain_Sebaa,69.7,109.0,4.5,71.0,16.0,HDPE,Low,0
Anfa,62.9,98.3,3.2,54.0,2.0,PVC,Medium,0
Beauséjour,62.5,94.7,3.3,50.0,27.0,PVC,Low,0
Ben_Msick,64.0,118.7,4.5,63.0,22.0,HDPE,Low,0
Bourgogne,65.7,90.5,3.0,61.0,2.0,PVC,Low,0
Bouskoura,64.0,118.7,4.5,63.0,22.0,HDPE,Low,0
Derb_Sultan,57.4,94.7,3.5,84.0,26.0,Steel,High,0
Gauthier,61.8,129.6,4.6,59.0,26.0,PVC,Low,0
Hay_Hassani,52.0,127.6,4.7,50.0,4.0,Cast Iron,Low,1
Hay_Mohammadi,60.9,104.8,4.1,84.0,10.0,Cast Iron,Low,0
Lissasfa,57.2,106.7,4.8,75.0,28.0,HDPE,Medium,1
Maarif,50.7,101.3,4.1,64.0,18.0,PVC,Low,1
Medina,64.0,123.8,4.3,74.0,29.0,Steel,Low,0
Racine,69.3,104.7,3.6,61.0,11.0,Steel,Low,0
Roches_Noires,62.3,88.3,3.8,83.0,16.0,Steel,Medium,0
Sbata,59.0,136.4,4.9,66.0,24.0,PVC,Medium,0
Sidi_Bernoussi,67.1,122.6,4.2,70.0,17.0,PVC,Low,0
Sidi_Maarouf,57.9,115.8,4.3,55.0,1.0,HDPE,Medium,1
Val_Fleuri,64.9,115.0,4.0,70.0,21.0,Steel,Low,0
Ain_Diab,66.6,104.6,4.0,64.0,18.0,PVC,Low,0
Ain_Sebaa,67.3,97.0,3.8,75.0,15.0,HDPE,Medium,0
Anfa,71.2,112.9,3.8,64.0,12.0,Steel,Low,0
Beauséjour,71.2,105.0,3.8,65.0,13.0,PVC,Medium,0
Ben_Msick,67.3,105.0,4.1,83.0,29.0,Cast Iron,Medium,0
Bourgogne,71.0,112.1,4.0,62.0,1.0,Cast Iron,Low,0
Bouskoura,64.3,138.8,5.3,69.0,27.0,Cast Iron,Medium,1
Derb_Sultan,66.6,96.8,3.7,80.0,21.0,Steel,Low,0
Gauthier,57.2,106.7,4.3,79.0,3.0,Cast Iron,Low,0
Hay_Hassani,63.1,90.4,3.4,81.0,21.0,HDPE,Low,0
Hay_Mohammadi,66.1,108.2,4.1,70.0,24.0,Cast Iron,Low,0
Lissasfa,57.1,117.2,4.2,65.0,14.0,PVC,Medium,0
Maarif,63.6,85.1,3.0,67.0,17.0,Steel,Medium,0
Medina,61.4,126.2,4.5,58.0,20.0,HDPE,Low,1
Racine,57.3,115.6,4.1,50.0,14.0,HDPE,Medium,0
Roches_Noires,64.6,111.3,4.1,58.0,11.0,HDPE,Low,0
Sbata,63.3,92.6,3.3,73.0,15.0,PVC,Medium,0
Sidi_Bernoussi,64.3,128.5,5.5,57.0,25.0,PVC,Low,0
Sidi_Maarouf,59.3,123.7,4.6,76.0,26.0,PVC,High,1
Val_Fleuri,72.4,107.1,3.9,60.0,12.0,PVC,High,0
Ain_Diab,61.2,91.4,3.2,52.0,5.0,Cast Iron,Low,0
Ain_Sebaa,62.4,121.5,4.2,77.0,20.0,PVC,Medium,0
Anfa,57.5,115.2,4.7,72.0,12.0,Cast Iron,Low,1
Beauséjour,51.0,93.2,4.1,69.0,5.0,Steel,Medium,1
Ben_Msick,63.8,104.8,3.6,80.0,3.0,Steel,Medium,0
Bourgogne,63.2,89.1,3.3,61.0,21.0,PVC,Low,1
Bouskoura,61.3,106.5,4.2,77.0,1.0,PVC,Medium,0
Derb_Sultan,60.9,117.9,4.1,59.0,23.0,Cast Iron,Low,0
Gauthier,49.2,115.5,4.1,62.0,14.0,PVC,Medium,1
Hay_Hassani,69.0,114.8,4.4,56.0,1.0,Steel,High,0
Hay_Mohammadi,66.3,114.0,4.5,74.0,23.0,Steel,Medium,0
Lissasfa,62.9,78.5,2.7,68.0,7.0,HDPE,High,0
Maarif,69.3,120.2,4.9,55.0,5.0,HDPE,Low,0
Medina,62.4,110.3,4.0,79.0,21.0,Cast Iron,Low,0
Racine,60.7,116.9,4.4,50.0,16.0,PVC,Low,0
Roches_Noires,54.9,101.9,4.1,59.0,10.0,Steel,Low,1
Sbata,56.3,99.7,3.9,67.0,6.0,HDPE,High,1
Sidi_Bernoussi,65.8,107.8,3.8,79.0,21.0,Steel,Low,0
Sidi_Maarouf,68.3,103.5,4.2,63.0,4.0,Steel,High,0
Val_Fleuri,52.9,126.9,4.3,77.0,27.0,PVC,Low,1
Ain_Diab,56.1,106.2,4.0,50.0,29.0,Steel,Low,1
Ain_Sebaa,58.3,100.8,3.5,70.0,9.0,Steel,Medium,0
Anfa,62.1,104.9,3.8,53.0,7.0,Steel,Low,0
Beauséjour,68.7,108.8,3.8,61.0,12.0,PVC,Medium,0
Ben_Msick,59.7,117.7,3.8,54.0,7.0,HDPE,High,0
Bourgogne,56.9,119.8,4.7,60.0,28.0,HDPE,Medium,1
Bouskoura,64.4,100.5,3.7,58.0,3.0,PVC,Low,0
Derb_Sultan,65.2,135.0,5.5,74.0,1.0,PVC,Medium,0
Gauthier,65.8,112.9,4.5,76.0,6.0,Steel,Low,0
Hay_Hassani,70.9,125.7,4.7,78.0,3.0,PVC,High,0
Hay_Mohammadi,45.6,117.9,4.6,50.0,10.0,PVC,High,1
Lissasfa,68.7,108.8,3.8,61.0,12.0,PVC,Medium,0
Maarif,53.6,146.3,5.5,67.0,23.0,PVC,Low,1
Medina,68.2,93.6,3.2,55.0,2.0,PVC,High,0
Racine,64.3,115.1,4.1,54.0,26.0,HDPE,Medium,0
Roches_Noires,67.0,112.3,4.0,78.0,10.0,Steel,Low,0
Sbata,62.6,94.9,3.6,66.0,4.0,PVC,Medium,0
Sidi_Bernoussi,63.2,108.1,3.6,73.0,26.0,HDPE,Low,0
Sidi_Maarouf,72.2,104.1,3.8,50.0,23.0,PVC,Medium,0
Val_Fleuri,61.4,89.5,3.8,61.0,10.0,Steel,High,0
Ain_Diab,66.8,104.3,3.5,52.0,8.0,Cast Iron,Medium,0
Ain_Sebaa,66.3,122.5,4.5,66.0,11.0,PVC,Low,0
Anfa,54.0,118.8,4.2,62.0,24.0,PVC,Low,1
Beauséjour,67.0,119.2,4.5,82.0,29.0,PVC,Low,0
Ben_Msick,46.7,106.8,4.5,80.0,19.0,Steel,High,1
Bourgogne,62.7,116.1,4.4,76.0,10.0,Steel,Low,0
Bouskoura,50.9,121.8,4.3,77.0,20.0,Cast Iron,Medium,1
Derb_Sultan,66.1,97.7,3.6,54.0,12.0,Steel,Low,0
Gauthier,63.9,106.4,3.8,67.0,21.0,HDPE,Medium,0
Hay_Hassani,53.4,105.7,3.7,78.0,4.0,Cast Iron,High,1
Hay_Mohammadi,60.2,147.5,5.3,73.0,14.0,PVC,Medium,1
Lissasfa,60.9,122.9,4.4,77.0,26.0,Steel,Medium,0
Maarif,56.9,119.8,4.7,60.0,28.0,HDPE,Medium,1
Medina,59.8,106.5,3.9,58.0,22.0,Steel,Low,0
Racine,59.8,122.1,4.4,65.0,27.0,PVC,Low,0
Roches_Noires,51.8,138.1,4.8,63.0,26.0,HDPE,Medium,1
Sbata,56.3,132.3,4.8,50.0,28.0,HDPE,High,1
Sidi_Bernoussi,56.7,108.3,4.0,68.0,1.0,HDPE,Low,0
Sidi_Maarouf,68.0,114.4,4.7,62.0,6.0,Cast Iron,Medium,0
Val_Fleuri,57.9,158.6,5.8,67.0,25.0,PVC,Low,1
Ain_Diab,59.6,105.8,3.3,66.0,7.0,HDPE,Low,1
Ain_Sebaa,50.1,120.6,4.5,82.0,13.0,PVC,Low,1
Anfa,61.8,123.3,4.5,54.0,8.0,PVC,Medium,0
Beauséjour,65.7,95.3,3.2,65.0,9.0,Steel,Low,0
Ben_Msick,63.9,115.0,4.3,62.0,28.0,PVC,Low,0
Bourgogne,65.2,101.1,4.1,77.0,22.0,Steel,Low,0
Bouskoura,57.5,109.6,4.2,75.0,12.0,Steel,Low,1
Derb_Sultan,62.3,116.2,4.7,70.0,5.0,HDPE,Medium,0
Gauthier,53.6,127.1,4.8,69.0,26.0,Cast Iron,High,1
Hay_Hassani,65.1,121.5,4.7,72.0,21.0,Steel,Medium,1
Hay_Mohammadi,64.3,138.8,5.3,69.0,27.0,Cast Iron,Medium,1
Lissasfa,65.7,116.8,4.5,52.0,13.0,Steel,Medium,0
Maarif,61.9,118.5,3.9,66.0,2.0,PVC,Low,0
Medina,69.9,121.2,4.4,67.0,15.0,Cast Iron,Medium,0
Racine,56.3,119.0,4.2,52.0,9.0,Steel,Medium,0
Roches_Noires,69.9,121.2,4.4,67.0,15.0,Cast Iron,Medium,0
Sbata,63.1,103.6,3.9,68.0,27.0,PVC,Low,0
Sidi_Bernoussi,64.4,80.7,2.8,51.0,29.0,HDPE,Medium,0
Sidi_Maarouf,64.3,101.3,3.6,75.0,16.0,HDPE,Low,0
Val_Fleuri,66.8,117.9,4.5,50.0,23.0,PVC,Medium,0
Ain_Diab,61.2,96.7,3.0,50.0,4.0,Steel,Low,0
Ain_Sebaa,58.6,140.9,5.5,63.0,12.0,HDPE,Low,1
Anfa,77.5,128.5,5.1,52.0,13.0,HDPE,Medium,0
Beauséjour,65.6,118.5,4.1,74.0,5.0,HDPE,High,0
Ben_Msick,65.0,99.6,3.9,69.0,3.0,HDPE,Low,0
Bourgogne,64.2,101.6,3.8,56.0,12.0,HDPE,Low,0
Bouskoura,55.8,121.3,4.6,69.0,20.0,PVC,High,1
Derb_Sultan,61.9,88.6,3.6,65.0,1.0,HDPE,Medium,0
Gauthier,69.7,100.4,3.6,51.0,3.0,Steel,High,0
Hay_Hassani,59.6,117.6,4.4,84.0,21.0,Cast Iron,Medium,1
Hay_Mohammadi,59.0,106.7,4.3,60.0,6.0,PVC,High,0
Lissasfa,67.9,112.8,4.0,58.0,11.0,Cast Iron,Low,0
Maarif,61.1,113.2,4.0,83.0,21.0,Cast Iron,Low,0
Medina,57.5,93.8,3.2,69.0,17.0,Steel,Medium,0
Racine,74.0,101.0,3.8,84.0,7.0,Cast Iron,High,0
Roches_Noires,62.9,118.5,4.3,55.0,8.0,Steel,Low,1
Sbata,65.1,109.5,3.8,71.0,26.0,HDPE,Low,0
Sidi_Bernoussi,66.1,101.3,3.6,61.0,26.0,Steel,Low,0
Sidi_Maarouf,62.4,83.5,3.3,77.0,26.0,PVC,Low,0
Val_Fleuri,59.8,92.4,3.7,83.0,4.0,Steel,Medium,0
Ain_Diab,68.5,92.2,3.3,69.0,1.0,HDPE,Medium,0
Ain_Sebaa,64.7,123.4,4.3,69.0,26.0,Steel,High,0
Anfa,71.3,111.4,3.8,60.0,4.0,Steel,Low,0
Beauséjour,71.2,121.3,4.7,84.0,11.0,Cast Iron,Low,0
Ben_Msick,66.4,116.7,4.6,65.0,21.0,PVC,Low,0
Bourgogne,54.0,127.1,4.7,83.0,1.0,Cast Iron,Low,1
Bouskoura,63.7,99.0,3.7,62.0,24.0,HDPE,Medium,0
Derb_Sultan,64.4,112.5,4.0,52.0,6.0,Steel,Low,0
Gauthier,53.1,100.4,4.3,74.0,27.0,PVC,Medium,1
Hay_Hassani,53.7,105.9,3.9,51.0,22.0,HDPE,High,1
Hay_Mohammadi,74.0,107.2,3.8,56.0,21.0,HDPE,Medium,0
Lissasfa,61.1,119.4,4.7,77.0,27.0,Cast Iron,Medium,1
Maarif,63.8,104.8,3.6,80.0,3.0,Steel,Medium,0
Medina,63.5,98.4,3.9,52.0,10.0,HDPE,Medium,0
Racine,65.5,124.0,4.6,64.0,6.0,HDPE,Medium,0
Roches_Noires,62.7,107.2,4.1,54.0,3.0,HDPE,Medium,0
Sbata,61.8,110.5,4.0,77.0,10.0,PVC,Medium,0
Sidi_Bernoussi,54.3,139.3,4.7,53.0,11.0,PVC,Medium,1
Sidi_Maarouf,55.4,114.6,4.3,84.0,28.0,PVC,Medium,1
Val_Fleuri,59.1,114.2,4.3,68.0,22.0,HDPE,High,0
Ain_Diab,65.9,111.3,4.2,80.0,10.0,PVC,High,0
Ain_Sebaa,66.6,137.5,4.8,84.0,29.0,Cast Iron,Medium,1
Anfa,62.5,102.7,3.6,70.0,3.0,PVC,Medium,0
Beauséjour,70.3,79.3,2.8,76.0,28.0,PVC,Medium,0
Ben_Msick,60.5,99.8,4.1,52.0,24.0,Steel,Low,1
Bourgogne,68.5,90.7,3.2,68.0,14.0,Cast Iron,Low,0
Bouskoura,62.9,107.8,3.9,68.0,8.0,HDPE,High,0
Derb_Sultan,65.5,121.6,4.9,59.0,3.0,PVC,Low,0
Gauthier,56.2,111.5,4.5,83.0,8.0,HDPE,Medium,0
Hay_Hassani,67.6,115.9,4.1,83.0,3.0,HDPE,Medium,0
Hay_Mohammadi,54.2,103.5,3.9,75.0,29.0,PVC,Medium,1
Lissasfa,54.0,112.4,4.3,74.0,15.0,HDPE,Low,0
Maarif,62.4,112.1,4.3,62.0,23.0,HDPE,High,1
Medina,67.6,110.9,3.9,59.0,1.0,Steel,Low,0
Racine,54.7,111.0,4.5,77.0,28.0,PVC,Low,1
Roches_Noires,69.0,116.3,4.2,58.0,26.0,Steel,Low,0
Sbata,77.2,106.2,3.7,73.0,11.0,PVC,Medium,0
Sidi_Bernoussi,49.0,127.6,5.5,51.0,22.0,PVC,Medium,1
Sidi_Maarouf,70.5,92.6,3.7,73.0,5.0,HDPE,High,0
Val_Fleuri,60.3,141.6,5.2,78.0,7.0,Steel,Low,1
Ain_Diab,57.3,105.9,3.7,82.0,8.0,PVC,Medium,0
Ain_Sebaa,69.5,118.7,4.7,70.0,15.0,HDPE,Low,0
Anfa,48.5,99.9,3.4,76.0,5.0,HDPE,High,1
Beauséjour,62.7,103.4,3.6,82.0,13.0,HDPE,Low,0
Ben_Msick,60.6,111.6,4.3,72.0,11.0,PVC,Low,0
Bourgogne,66.3,114.0,4.5,74.0,23.0,Steel,Medium,0
Bouskoura,66.6,110.7,4.3,71.0,23.0,Steel,Low,0
Derb_Sultan,69.6,97.9,3.4,67.0,23.0,HDPE,High,0
Gauthier,64.8,100.4,3.5,66.0,19.0,PVC,High,0
Hay_Hassani,56.8,115.5,4.1,80.0,22.0,HDPE,Low,1
Hay_Mohammadi,59.5,123.5,4.9,51.0,3.0,PVC,Low,0
Lissasfa,65.2,104.8,3.6,67.0,24.0,HDPE,Low,0
Maarif,66.3,94.8,3.6,84.0,15.0,Cast Iron,Low,0
Medina,66.2,102.4,3.7,79.0,12.0,HDPE,Low,0
Racine,62.2,114.8,4.0,76.0,5.0,PVC,High,0
Roches_Noires,49.5,130.9,5.2,64.0,12.0,Steel,Low,0
Sbata,63.0,108.9,4.6,68.0,25.0,Cast Iron,High,1
Sidi_Bernoussi,64.0,112.5,4.3,75.0,13.0,Steel,High,1
Sidi_Maarouf,67.2,123.2,4.6,83.0,24.0,HDPE,Low,0
Val_Fleuri,64.3,106.3,4.1,80.0,27.0,HDPE,Medium,0
Ain_Diab,61.5,109.3,4.1,69.0,1.0,PVC,Low,0
Ain_Sebaa,58.7,85.2,3.6,75.0,7.0,Steel,Medium,1
Anfa,65.9,108.3,3.8,82.0,22.0,PVC,Low,0
Beauséjour,63.4,120.3,4.4,56.0,14.0,HDPE,Low,0
Ben_Msick,51.4,118.5,4.3,79.0,28.0,Cast Iron,Medium,1
Bourgogne,52.9,134.2,4.8,60.0,8.0,HDPE,Low,1
Bouskoura,61.7,104.8,3.4,61.0,7.0,Cast Iron,Medium,0
Derb_Sultan,60.7,96.0,3.8,58.0,5.0,HDPE,Low,0
Gauthier,66.5,103.2,4.0,73.0,1.0,Cast Iron,High,0
Hay_Hassani,58.4,123.2,4.2,64.0,17.0,PVC,Medium,0
Hay_Mohammadi,54.8,124.1,4.7,79.0,2.0,Steel,Medium,1
Lissasfa,61.1,133.8,4.7,73.0,11.0,Cast Iron,Low,0
Maarif,48.4,91.6,3.4,54.0,17.0,PVC,Low,0
Medina,63.7,126.6,4.6,79.0,21.0,Steel,Low,0
Racine,66.3,109.6,4.0,78.0,13.0,PVC,Low,0
Roches_Noires,59.3,113.2,4.2,80.0,3.0,PVC,Medium,0
Sbata,66.8,118.7,4.4,72.0,26.0,PVC,Low,0
Sidi_Bernoussi,57.7,110.1,4.3,61.0,17.0,Cast Iron,Low,1
Sidi_Maarouf,60.6,122.7,4.6,74.0,26.0,PVC,Low,1
Val_Fleuri,71.4,114.2,3.7,58.0,26.0,Steel,Low,0
Ain_Diab,63.0,150.5,5.4,79.0,26.0,Steel,Low,0
Ain_Sebaa,65.3,118.7,5.0,73.0,13.0,Steel,Low,0
Anfa,58.1,103.5,4.2,61.0,11.0,Cast Iron,Low,0
Beauséjour,56.6,125.1,4.9,81.0,21.0,HDPE,High,0
Ben_Msick,52.8,138.5,4.7,61.0,25.0,HDPE,High,1
Bourgogne,66.3,110.5,3.6,67.0,19.0,HDPE,Low,0
Bouskoura,61.2,94.3,3.3,53.0,25.0,HDPE,Medium,0
Derb_Sultan,62.2,111.7,4.8,52.0,19.0,HDPE,High,0
Gauthier,67.0,117.4,4.5,78.0,20.0,HDPE,Low,0
Hay_Hassani,62.2,156.2,6.0,80.0,16.0,PVC,High,1
Hay_Mohammadi,63.1,101.5,4.0,51.0,19.0,HDPE,Medium,0
Lissasfa,68.7,95.6,3.8,55.0,18.0,PVC,High,1
Maarif,59.5,106.4,3.6,79.0,3.0,PVC,Low,0
Medina,58.7,102.3,3.6,72.0,25.0,Cast Iron,Low,1
Racine,60.8,115.9,4.2,51.0,5.0,PVC,Low,1
Roches_Noires,52.9,134.2,4.8,60.0,8.0,HDPE,Low,1
Sbata,70.5,92.3,3.2,57.0,19.0,Steel,Low,0
Sidi_Bernoussi,77.2,106.2,3.7,73.0,11.0,PVC,Medium,0
Sidi_Maarouf,59.9,116.8,4.3,64.0,14.0,PVC,Medium,0
Val_Fleuri,72.9,123.9,4.2,59.0,9.0,Steel,Low,0
Ain_Diab,65.2,116.9,4.1,65.0,22.0,PVC,Medium,0
Ain_Sebaa,46.5,113.1,3.7,63.0,1.0,Cast Iron,Medium,1
Anfa,62.0,117.8,5.0,67.0,6.0,PVC,Low,0
Beauséjour,68.9,102.4,4.1,72.0,1.0,HDPE,Medium,0
Ben_Msick,60.9,104.8,4.1,84.0,10.0,Cast Iron,Low,0
Bourgogne,63.9,113.4,4.2,73.0,28.0,HDPE,High,0
Bouskoura,69.3,87.6,3.4,60.0,16.0,PVC,Medium,0
Derb_Sultan,68.4,113.0,4.3,54.0,3.0,HDPE,Medium,0
Gauthier,51.6,127.2,4.6,81.0,6.0,HDPE,Medium,1
Hay_Hassani,61.8,110.5,4.0,77.0,10.0,PVC,Medium,0
Hay_Mohammadi,63.3,135.0,5.1,81.0,11.0,HDPE,Low,0
Lissasfa,47.4,129.1,4.5,57.0,14.0,PVC,Medium,1
Maarif,53.8,103.8,3.9,67.0,18.0,PVC,Low,1
Medina,55.8,131.4,5.2,50.0,17.0,HDPE,Low,1
Racine,72.0,118.8,4.5,77.0,8.0,Cast Iron,Medium,0
Roches_Noires,59.0,106.7,4.3,60.0,6.0,PVC,High,0
Sbata,56.4,102.3,4.1,74.0,5.0,Cast Iron,Low,0
Sidi_Bernoussi,66.8,119.5,4.1,70.0,24.0,Steel,Low,0
Sidi_Maarouf,65.0,92.2,2.9,72.0,7.0,Steel,Low,0
Val_Fleuri,51.4,109.4,3.7,62.0,5.0,Cast Iron,Medium,1
Ain_Diab,58.1,116.3,3.7,84.0,2.0,Steel,Medium,1
Ain_Sebaa,55.4,135.2,4.7,64.0,12.0,Steel,Medium,1
Anfa,56.2,105.6,3.6,83.0,12.0,HDPE,Low,1
Beauséjour,61.1,120.0,4.5,56.0,11.0,PVC,Medium,1
Ben_Msick,56.1,120.3,4.5,67.0,19.0,HDPE,Medium,1
Bourgogne,59.0,114.0,4.8,65.0,3.0,PVC,Low,0
Bouskoura,63.3,118.7,4.0,74.0,6.0,HDPE,Low,0
Derb_Sultan,60.6,107.2,3.7,60.0,13.0,PVC,Low,0
Gauthier,65.9,115.0,3.8,78.0,9.0,Steel,Medium,0
Hay_Hassani,63.6,105.8,3.9,63.0,5.0,PVC,Low,0
Hay_Mohammadi,66.6,115.3,4.6,53.0,11.0,HDPE,Low,0
Lissasfa,61.5,115.0,3.8,66.0,20.0,PVC,Medium,0
Maarif,63.4,106.3,3.8,84.0,27.0,HDPE,Low,0
Medina,64.4,100.5,3.7,58.0,3.0,PVC,Low,0
Racine,65.2,104.8,3.6,67.0,24.0,HDPE,Low,0
Roches_Noires,60.3,141.6,5.2,78.0,7.0,Steel,Low,1
Sbata,56.0,111.5,4.1,71.0,24.0,Steel,Low,0
Sidi_Bernoussi,59.4,131.8,5.1,74.0,21.0,PVC,Low,1
Sidi_Maarouf,67.4,84.4,2.9,50.0,25.0,PVC,High,0
Val_Fleuri,55.3,114.2,4.5,61.0,29.0,Steel,High,0
Ain_Diab,67.7,113.9,4.2,53.0,4.0,Steel,Low,0
Ain_Sebaa,70.3,101.4,3.8,51.0,6.0,Steel,Low,0
Anfa,64.8,131.8,5.1,50.0,27.0,HDPE,High,1
Beauséjour,58.1,116.3,3.7,84.0,2.0,Steel,Medium,1
Ben_Msick,60.2,101.4,3.1,76.0,8.0,PVC,Low,0
Bourgogne,68.5,92.1,2.7,66.0,19.0,PVC,High,0
Bouskoura,62.0,115.4,4.3,51.0,17.0,Steel,Medium,0
Derb_Sultan,51.6,140.4,5.3,54.0,19.0,PVC,Low,1
Gauthier,50.8,107.9,4.2,50.0,26.0,PVC,Medium,1
Hay_Hassani,61.7,114.7,3.9,55.0,14.0,PVC,Low,1
Hay_Mohammadi,54.9,114.0,4.8,54.0,3.0,HDPE,Medium,0
Lissasfa,49.5,111.6,4.1,59.0,23.0,PVC,High,1
Maarif,62.1,121.7,4.2,84.0,15.0,PVC,Medium,0
Medina,65.6,105.9,4.2,65.0,5.0,PVC,Medium,0
Racine,61.0,120.0,4.9,73.0,7.0,PVC,Medium,0
Roches_Noires,60.9,113.4,4.3,69.0,15.0,PVC,Medium,1
Sbata,57.9,104.2,4.3,62.0,26.0,Steel,Medium,0
Sidi_Bernoussi,65.7,95.3,3.2,65.0,9.0,Steel,Low,0
Sidi_Maarouf,53.9,117.4,4.7,52.0,5.0,HDPE,Medium,1
Val_Fleuri,63.2,131.1,4.6,65.0,18.0,HDPE,High,0
Ain_Diab,63.6,93.4,3.0,80.0,23.0,HDPE,Low,0
Ain_Sebaa,62.7,103.3,3.9,57.0,17.0,Steel,Low,1
Anfa,58.2,96.0,3.2,81.0,17.0,PVC,Low,1
Beauséjour,58.8,111.5,4.5,61.0,7.0,HDPE,High,0
Ben_Msick,63.7,105.5,4.1,72.0,6.0,HDPE,High,0
Bourgogne,51.8,100.3,3.6,65.0,28.0,Steel,Medium,1
Bouskoura,69.4,111.2,4.4,51.0,11.0,Steel,Low,0
Derb_Sultan,59.8,122.1,4.4,65.0,27.0,PVC,Low,0
Gauthier,69.4,111.2,4.4,51.0,11.0,Steel,Low,0
Hay_Hassani,66.3,104.6,3.9,66.0,13.0,Steel,Low,0
Hay_Mohammadi,63.5,128.1,4.9,82.0,22.0,PVC,Low,0
Lissasfa,68.9,106.7,4.0,82.0,3.0,HDPE,Low,0
Maarif,64.5,100.0,3.8,80.0,3.0,HDPE,Low,0
Medina,58.4,118.4,4.0,71.0,9.0,HDPE,Low,0
Racine,66.3,119.3,4.9,66.0,29.0,Steel,Medium,0
Roches_Noires,63.6,104.6,3.7,82.0,21.0,HDPE,Low,0
Sbata,64.2,110.8,4.6,52.0,10.0,Cast Iron,Low,0
Sidi_Bernoussi,63.8,114.4,4.3,65.0,8.0,PVC,High,0
Sidi_Maarouf,63.9,106.4,3.8,67.0,21.0,HDPE,Medium,0
Val_Fleuri,63.2,108.1,3.6,73.0,26.0,HDPE,Low,0
Ain_Diab,52.6,143.8,5.3,69.0,6.0,Cast Iron,High,1
Ain_Sebaa,59.8,92.4,3.7,83.0,4.0,Steel,Medium,0
Anfa,61.3,115.2,4.0,76.0,26.0,HDPE,Medium,0
Beauséjour,56.7,108.3,4.0,68.0,1.0,HDPE,Low,0
Ben_Msick,62.0,135.8,4.9,58.0,1.0,HDPE,Low,0
Bourgogne,56.3,89.5,3.0,84.0,19.0,HDPE,Low,1
Bouskoura,65.4,116.5,4.2,70.0,5.0,HDPE,Medium,0
Derb_Sultan,58.5,91.2,4.1,74.0,23.0,HDPE,High,0
Gauthier,57.3,105.9,3.7,82.0,8.0,PVC,Medium,0
Hay_Hassani,57.0,118.3,4.3,64.0,2.0,Steel,Medium,1
Hay_Mohammadi,68.1,107.9,3.7,72.0,23.0,PVC,Low,0
Lissasfa,51.6,100.9,4.1,74.0,21.0,Cast Iron,High,1
Maarif,52.7,112.0,3.8,64.0,5.0,PVC,Low,0
Medina,67.8,90.0,3.3,77.0,21.0,PVC,Low,0
Racine,56.7,125.5,5.1,71.0,22.0,HDPE,Low,1
Roches_Noires,66.8,98.0,3.1,60.0,23.0,HDPE,Low,0
Sbata,54.0,87.7,2.9,70.0,29.0,Cast Iron,Low,1
Sidi_Bernoussi,64.5,111.8,4.5,50.0,26.0,PVC,Low,0
Sidi_Maarouf,63.9,125.2,4.6,83.0,14.0,HDPE,Medium,1
Val_Fleuri,59.4,108.4,4.1,68.0,18.0,HDPE,Low,0
Ain_Diab,66.7,104.6,3.8,51.0,15.0,PVC,Low,0
Ain_Sebaa,62.6,86.6,3.8,57.0,19.0,HDPE,Medium,0
Anfa,60.9,124.9,4.3,66.0,5.0,PVC,Low,0
Beauséjour,63.6,118.4,4.9,62.0,23.0,PVC,Low,0
Ben_Msick,66.3,94.8,3.6,84.0,15.0,Cast Iron,Low,0
Bourgogne,62.7,116.1,4.4,76.0,10.0,Steel,Low,0
Bouskoura,64.6,121.7,4.9,60.0,14.0,PVC,Low,0
Derb_Sultan,62.9,124.0,5.0,78.0,2.0,PVC,Medium,0
Gauthier,63.5,108.6,4.2,82.0,26.0,Steel,High,0
Hay_Hassani,56.3,119.0,4.2,52.0,9.0,Steel,Medium,0
Hay_Mohammadi,60.7,86.5,3.3,50.0,14.0,HDPE,Low,0
Lissasfa,48.5,104.1,3.7,72.0,26.0,PVC,Medium,1
Maarif,70.9,106.5,4.3,80.0,5.0,HDPE,Low,0
Medina,62.9,98.3,3.2,54.0,2.0,PVC,Medium,0
Racine,65.0,103.6,3.5,83.0,24.0,Steel,Medium,0
Roches_Noires,53.5,124.4,4.8,64.0,20.0,HDPE,Medium,1
Sbata,54.5,118.2,4.4,67.0,14.0,Steel,Low,0
Sidi_Bernoussi,64.7,111.0,3.5,58.0,14.0,Cast Iron,High,0
Sidi_Maarouf,53.5,124.4,4.8,64.0,20.0,HDPE,Medium,1
Val_Fleuri,72.4,107.1,3.9,60.0,12.0,PVC,High,0
Ain_Diab,68.0,111.2,4.6,77.0,23.0,Steel,Low,0
Ain_Sebaa,52.0,129.5,4.6,55.0,21.0,Steel,Low,0
Anfa,66.9,102.8,3.8,73.0,25.0,PVC,High,1
Beauséjour,65.5,106.9,4.2,75.0,12.0,PVC,Medium,0
Ben_Msick,52.7,112.0,3.8,64.0,5.0,PVC,Low,0
Bourgogne,63.2,124.6,4.7,64.0,2.0,HDPE,Medium,0
Bouskoura,64.8,101.9,4.1,59.0,2.0,HDPE,Medium,1
Derb_Sultan,59.4,131.0,5.0,58.0,5.0,Cast Iron,Low,1
Gauthier,61.2,110.8,4.0,57.0,2.0,PVC,Low,0
Hay_Hassani,54.0,112.7,4.3,57.0,10.0,Cast Iron,Low,1
Hay_Mohammadi,64.3,128.5,5.5,57.0,25.0,PVC,Low,0
Lissasfa,60.9,119.8,3.7,50.0,26.0,Steel,Medium,1
Maarif,60.2,126.7,4.9,56.0,5.0,HDPE,Low,0
Medina,61.0,94.8,3.5,79.0,20.0,Steel,High,1
Racine,68.6,124.8,4.5,64.0,21.0,PVC,Low,0
Roches_Noires,48.1,125.7,4.3,65.0,19.0,Cast Iron,Low,1
Sbata,66.8,98.0,3.1,60.0,23.0,HDPE,Low,0
Sidi_Bernoussi,60.9,124.9,4.3,66.0,5.0,PVC,Low,0
Sidi_Maarouf,61.4,113.5,3.8,62.0,6.0,Steel,High,1
Val_Fleuri,58.5,91.2,4.1,74.0,23.0,HDPE,High,0
Ain_Diab,65.9,128.9,4.7,62.0,20.0,Steel,Low,0
Ain_Sebaa,50.7,117.3,5.0,66.0,16.0,PVC,Low,1
Anfa,54.4,130.3,4.9,78.0,2.0,PVC,High,1
Beauséjour,63.5,108.6,4.2,82.0,26.0,Steel,High,0
Ben_Msick,57.2,106.7,4.3,79.0,3.0,Cast Iron,Low,0
Bourgogne,58.7,128.1,4.8,76.0,28.0,PVC,Low,0
Bouskoura,66.8,104.3,3.5,52.0,8.0,Cast Iron,Medium,0
Derb_Sultan,65.2,75.5,3.1,62.0,27.0,HDPE,Medium,0
Gauthier,51.8,127.3,5.2,74.0,28.0,Steel,Medium,1
Hay_Hassani,69.6,119.9,4.5,80.0,5.0,Steel,Medium,0
Hay_Mohammadi,63.7,105.5,4.1,72.0,6.0,HDPE,High,0
Lissasfa,64.2,93.8,3.8,51.0,19.0,PVC,High,0
Maarif,64.7,116.4,4.5,56.0,6.0,HDPE,High,0
Medina,62.9,120.7,4.4,52.0,1.0,PVC,Low,0
Racine,60.9,113.4,4.3,69.0,15.0,PVC,Medium,1
Roches_Noires,63.2,108.1,3.6,73.0,26.0,HDPE,Low,0
Sbata,63.7,105.5,4.1,72.0,6.0,HDPE,High,0
Sidi_Bernoussi,57.5,100.8,3.7,71.0,17.0,Steel,Low,0
Sidi_Maarouf,70.2,110.1,4.2,78.0,29.0,HDPE,Medium,0
Val_Fleuri,50.8,121.3,4.3,59.0,2.0,HDPE,Low,1
Ain_Diab,65.4,109.6,4.0,64.0,28.0,Cast Iron,Low,0
Ain_Sebaa,63.3,104.7,3.6,55.0,24.0,PVC,Medium,0
Anfa,72.0,113.0,3.5,59.0,2.0,HDPE,Low,0
Beauséjour,60.9,112.0,4.9,74.0,19.0,HDPE,Low,1
Ben_Msick,64.4,113.2,4.4,72.0,13.0,HDPE,Medium,0
Bourgogne,67.4,112.6,4.0,54.0,5.0,PVC,Low,0
Bouskoura,61.7,104.8,3.4,61.0,7.0,Cast Iron,Medium,0
Derb_Sultan,58.1,116.3,3.7,84.0,2.0,Steel,Medium,1
Gauthier,60.5,112.3,3.9,76.0,9.0,Cast Iron,Low,0
Hay_Hassani,67.2,97.5,3.3,75.0,15.0,PVC,Low,0
Hay_Mohammadi,53.2,102.9,3.6,73.0,18.0,PVC,Low,0
Lissasfa,57.9,115.8,4.3,55.0,1.0,HDPE,Medium,1
Maarif,63.3,105.2,3.8,75.0,9.0,PVC,High,0
Medina,59.3,113.0,3.8,74.0,11.0,Cast Iron,Medium,0
Racine,65.0,118.4,4.3,60.0,25.0,PVC,Medium,1
Roches_Noires,64.5,116.7,3.9,75.0,20.0,HDPE,High,1
Sbata,61.2,127.3,5.0,56.0,3.0,Steel,Low,0
Sidi_Bernoussi,49.4,102.5,4.2,59.0,22.0,HDPE,Medium,1
Sidi_Maarouf,54.1,105.6,4.0,55.0,18.0,Steel,Medium,1
Val_Fleuri,72.0,118.8,4.5,77.0,8.0,Cast Iron,Medium,0
Ain_Diab,63.3,105.0,3.8,83.0,7.0,HDPE,Medium,0
Ain_Sebaa,63.9,123.3,4.7,66.0,1.0,PVC,High,0
Anfa,58.9,115.5,4.6,62.0,26.0,Steel,Medium,1
Beauséjour,53.9,120.5,4.6,61.0,16.0,Steel,Low,1
Ben_Msick,63.5,106.0,3.8,51.0,27.0,PVC,Low,0
Bourgogne,68.1,116.2,3.8,68.0,28.0,HDPE,Low,0
Bouskoura,67.0,117.4,4.5,78.0,20.0,HDPE,Low,0
Derb_Sultan,71.2,112.9,3.8,64.0,12.0,Steel,Low,0
Gauthier,67.6,107.1,4.1,75.0,22.0,Steel,Medium,0
Hay_Hassani,56.1,101.3,3.9,55.0,20.0,PVC,High,1
Hay_Mohammadi,56.3,89.5,3.0,84.0,19.0,HDPE,Low,1
Lissasfa,59.7,111.0,4.5,67.0,19.0,PVC,Low,1
Maarif,63.8,128.5,5.1,71.0,18.0,PVC,Medium,0
Medina,59.1,96.0,3.6,54.0,28.0,Steel,Low,1
Racine,69.1,107.7,4.0,74.0,5.0,Steel,Medium,0
Roches_Noires,60.8,120.1,4.7,80.0,10.0,Cast Iron,Medium,1
Sbata,53.9,110.0,3.7,78.0,26.0,HDPE,Low,1
Sidi_Bernoussi,64.0,90.1,3.5,59.0,25.0,PVC,Low,0
Sidi_Maarouf,67.5,106.6,3.7,59.0,18.0,Steel,Low,0
Val_Fleuri,69.4,104.3,4.4,71.0,1.0,Steel,Low,0
Ain_Diab,63.5,87.9,2.9,75.0,9.0,Steel,Medium,1
Ain_Sebaa,66.8,126.1,4.7,53.0,17.0,HDPE,Medium,1
Anfa,61.6,91.7,3.2,72.0,26.0,HDPE,Low,0
Beauséjour,71.7,137.1,5.1,55.0,1.0,Cast Iron,Medium,0
Ben_Msick,61.8,93.2,3.3,70.0,1.0,Steel,Low,0
Bourgogne,61.8,110.5,4.0,77.0,10.0,PVC,Medium,0
Bouskoura,68.4,97.8,3.4,82.0,22.0,Cast Iron,Medium,0
Derb_Sultan,60.3,104.5,3.7,57.0,25.0,Cast Iron,High,0
Gauthier,62.1,124.1,4.0,58.0,1.0,PVC,Medium,0
Hay_Hassani,67.7,115.6,3.6,64.0,28.0,HDPE,Low,0
Hay_Mohammadi,62.3,120.7,4.1,67.0,17.0,PVC,Medium,0
Lissasfa,64.6,125.6,4.3,72.0,2.0,PVC,Low,0
Maarif,48.1,116.2,4.4,65.0,10.0,Steel,High,1
Medina,65.6,105.9,4.2,65.0,5.0,PVC,Medium,0
Racine,60.0,116.6,4.5,68.0,24.0,Steel,Medium,0
Roches_Noires,61.8,123.3,4.5,54.0,8.0,PVC,Medium,0
Sbata,72.5,91.7,3.6,75.0,1.0,Steel,Low,0
Sidi_Bernoussi,54.2,103.5,3.9,75.0,29.0,PVC,Medium,1
Sidi_Maarouf,54.1,113.7,4.3,65.0,17.0,PVC,High,1
Val_Fleuri,65.2,106.3,3.9,73.0,16.0,Steel,Low,0
Ain_Diab,58.4,88.0,3.8,55.0,18.0,HDPE,Medium,1
Ain_Sebaa,64.7,116.4,4.5,56.0,6.0,HDPE,High,0
Anfa,65.8,122.7,5.0,77.0,29.0,Cast Iron,Low,0
Beauséjour,47.6,134.9,5.2,82.0,29.0,PVC,Medium,1
Ben_Msick,57.3,115.6,4.5,66.0,19.0,Steel,Medium,1
Bourgogne,63.5,110.8,4.2,55.0,19.0,PVC,Medium,1
Bouskoura,65.3,107.2,4.1,64.0,19.0,PVC,High,0
Derb_Sultan,72.4,102.5,3.3,54.0,3.0,HDPE,High,0
Gauthier,53.0,120.3,4.2,51.0,5.0,PVC,High,1
Hay_Hassani,63.3,95.0,4.2,52.0,21.0,PVC,High,0
Hay_Mohammadi,67.1,118.4,4.4,72.0,12.0,HDPE,Low,0
Lissasfa,58.4,118.4,4.0,71.0,9.0,HDPE,Low,0
Maarif,59.7,111.0,4.5,67.0,19.0,PVC,Low,1
Medina,65.0,107.2,3.7,77.0,29.0,Cast Iron,Medium,1
Racine,57.5,109.6,4.2,75.0,12.0,Steel,Low,1
Roches_Noires,62.9,133.2,5.1,66.0,17.0,PVC,Low,0
Sbata,62.0,114.8,4.6,73.0,23.0,Steel,High,0
Sidi_Bernoussi,64.2,143.9,5.3,81.0,17.0,HDPE,Medium,0
Sidi_Maarouf,51.0,133.8,5.3,82.0,17.0,Steel,Low,1
Val_Fleuri,61.1,119.5,4.7,51.0,25.0,Cast Iron,Medium,0
Ain_Diab,69.8,111.4,4.0,81.0,24.0,PVC,Low,0
Ain_Sebaa,65.5,120.8,4.6,56.0,9.0,PVC,Low,0
Anfa,62.9,117.3,4.2,64.0,5.0,PVC,High,0
Beauséjour,67.9,100.0,3.5,78.0,18.0,HDPE,Low,0
Ben_Msick,63.6,99.5,3.7,81.0,6.0,PVC,Low,0
Bourgogne,64.7,123.4,4.3,69.0,26.0,Steel,High,0
Bouskoura,45.6,117.9,4.6,50.0,10.0,PVC,High,1
Derb_Sultan,70.7,112.5,4.5,61.0,24.0,PVC,Low,0
Gauthier,66.0,106.7,3.9,59.0,21.0,PVC,Low,1
Hay_Hassani,68.2,105.5,4.1,67.0,12.0,Steel,High,0
Hay_Mohammadi,65.5,133.0,5.3,76.0,28.0,PVC,Medium,0
Lissasfa,61.8,116.0,4.3,81.0,13.0,PVC,Low,0
Maarif,65.2,128.3,5.1,77.0,3.0,HDPE,Low,0
Medina,60.8,105.9,3.9,71.0,3.0,PVC,Medium,0
Racine,71.6,87.7,3.2,64.0,24.0,HDPE,Medium,1
Roches_Noires,64.3,102.5,3.9,58.0,24.0,PVC,Low,0
Sbata,66.1,130.8,4.5,76.0,9.0,HDPE,Low,0
Sidi_Bernoussi,65.5,128.2,5.0,71.0,27.0,HDPE,Low,1
Sidi_Maarouf,69.4,101.3,3.8,67.0,27.0,HDPE,Medium,1
Val_Fleuri,71.0,92.4,3.4,69.0,10.0,PVC,Low,0
Ain_Diab,66.7,132.0,5.0,75.0,14.0,HDPE,Low,0
Ain_Sebaa,62.1,108.5,4.0,65.0,19.0,HDPE,Medium,0
Anfa,57.9,93.3,3.4,80.0,20.0,HDPE,Medium,1
Beauséjour,54.7,130.2,5.0,80.0,26.0,HDPE,Low,1
Ben_Msick,66.8,113.8,4.3,63.0,7.0,PVC,Low,0
Bourgogne,63.5,106.0,3.8,51.0,27.0,PVC,Low,0
Bouskoura,66.8,109.7,4.5,68.0,27.0,HDPE,High,0
Derb_Sultan,63.8,110.0,3.9,84.0,18.0,Cast Iron,Medium,0
Gauthier,60.6,126.2,4.5,82.0,25.0,HDPE,Low,1
Hay_Hassani,65.5,127.1,4.6,65.0,11.0,Cast Iron,Medium,0
Hay_Mohammadi,47.1,112.4,4.4,81.0,24.0,Cast Iron,High,1
Lissasfa,57.8,103.0,3.7,83.0,25.0,PVC,High,1
Maarif,55.5,148.3,5.6,80.0,23.0,HDPE,Low,1
Medina,54.7,110.1,4.2,78.0,19.0,HDPE,High,1
Racine,50.2,135.8,5.2,58.0,7.0,Cast Iron,Medium,1
Roches_Noires,67.8,116.8,4.1,71.0,26.0,PVC,High,0
Sbata,65.4,95.2,3.6,65.0,9.0,Steel,High,0
Sidi_Bernoussi,62.9,117.3,4.2,64.0,5.0,PVC,High,0
Sidi_Maarouf,66.0,112.8,4.6,82.0,15.0,HDPE,High,0
Val_Fleuri,64.9,97.3,3.4,57.0,21.0,PVC,Medium,0
Ain_Diab,64.3,100.9,3.7,56.0,6.0,Steel,Low,0
Ain_Sebaa,64.8,123.7,4.5,77.0,20.0,Steel,High,0
Anfa,70.1,109.7,3.9,82.0,15.0,HDPE,Low,0
Beauséjour,61.1,95.6,3.2,80.0,22.0,PVC,Medium,0
Ben_Msick,63.4,136.2,5.3,66.0,11.0,Steel,Medium,0
Bourgogne,63.8,105.0,4.0,54.0,8.0,HDPE,Low,0
Bouskoura,68.1,92.7,3.4,67.0,29.0,PVC,Medium,0
Derb_Sultan,64.0,120.6,4.1,78.0,5.0,HDPE,Low,0
Gauthier,62.8,117.5,4.6,74.0,2.0,PVC,Medium,0
Hay_Hassani,69.6,95.7,3.7,73.0,4.0,PVC,High,0
Hay_Mohammadi,61.8,116.8,4.8,67.0,15.0,Cast Iron,Medium,0
Lissasfa,69.5,118.7,4.7,70.0,15.0,HDPE,Low,0
Maarif,61.7,118.0,4.4,70.0,2.0,Steel,Low,0
Medina,67.3,115.6,4.4,54.0,5.0,HDPE,Low,0
Racine,54.9,116.1,4.5,67.0,18.0,PVC,Low,1
Roches_Noires,72.9,126.1,4.9,63.0,26.0,Cast Iron,Low,0
Sbata,69.8,92.5,3.5,69.0,26.0,PVC,Medium,0
Sidi_Bernoussi,58.3,89.0,3.1,50.0,25.0,HDPE,High,0
Sidi_Maarouf,70.5,92.6,3.7,73.0,5.0,HDPE,High,0
Val_Fleuri,61.3,106.5,4.2,77.0,1.0,PVC,Medium,0
Ain_Diab,66.2,83.0,3.4,60.0,9.0,PVC,Low,0
Ain_Sebaa,66.6,114.2,4.2,55.0,3.0,PVC,Low,0
Anfa,70.6,104.3,4.3,82.0,11.0,PVC,Low,0
Beauséjour,58.0,86.6,3.0,70.0,15.0,HDPE,Low,1
Ben_Msick,70.1,108.3,4.0,64.0,21.0,PVC,Low,0
Bourgogne,58.5,103.5,3.8,51.0,13.0,HDPE,High,1
Bouskoura,65.6,98.6,3.6,56.0,7.0,PVC,Low,0
Derb_Sultan,51.6,140.4,5.3,54.0,19.0,PVC,Low,1
Gauthier,58.6,96.6,3.8,52.0,27.0,PVC,Medium,0
Hay_Hassani,63.2,107.9,4.4,72.0,11.0,Steel,Low,0
Hay_Mohammadi,58.1,114.3,5.0,57.0,20.0,PVC,Medium,0
Lissasfa,55.2,126.4,4.9,69.0,27.0,Cast Iron,Low,1
Maarif,60.2,97.9,3.9,56.0,5.0,HDPE,Medium,0
Medina,63.7,104.0,4.1,63.0,22.0,Cast Iron,High,1
Racine,70.1,108.3,4.0,64.0,21.0,PVC,Low,0
Roches_Noires,52.6,110.1,3.7,59.0,20.0,PVC,Low,1
Sbata,65.3,91.8,3.5,70.0,13.0,HDPE,Low,0
Sidi_Bernoussi,58.7,118.3,4.7,60.0,23.0,Cast Iron,High,1
Sidi_Maarouf,66.6,101.0,3.6,57.0,14.0,Steel,High,0
Val_Fleuri,51.4,109.4,3.7,62.0,5.0,Cast Iron,Medium,1
Ain_Diab,64.3,117.6,4.4,69.0,17.0,HDPE,Low,0
Ain_Sebaa,70.2,129.4,5.2,72.0,21.0,Steel,Low,0
Anfa,62.1,124.1,4.0,58.0,1.0,PVC,Medium,0
Beauséjour,54.3,139.3,4.7,53.0,11.0,PVC,Medium,1
Ben_Msick,58.5,139.8,5.1,62.0,24.0,Cast Iron,High,1
Bourgogne,63.3,112.3,4.4,60.0,20.0,Steel,Medium,0
Bouskoura,65.3,111.8,4.4,67.0,5.0,PVC,Low,0
Derb_Sultan,54.6,114.8,3.9,71.0,28.0,Steel,Medium,1
Gauthier,60.3,110.0,4.2,77.0,6.0,Steel,Medium,1
Hay_Hassani,66.8,130.4,5.1,62.0,18.0,Steel,Low,1
Hay_Mohammadi,73.0,111.3,4.1,65.0,12.0,Steel,Low,0
Lissasfa,61.1,120.0,4.5,56.0,11.0,PVC,Medium,1
Maarif,68.9,106.7,4.0,82.0,3.0,HDPE,Low,0
Medina,64.0,123.8,4.3,74.0,29.0,Steel,Low,0
Racine,62.8,112.1,4.8,84.0,3.0,PVC,Low,0
Roches_Noires,73.6,102.3,3.9,76.0,5.0,HDPE,Low,0
Sbata,63.2,131.1,4.6,65.0,18.0,HDPE,High,0
Sidi_Bernoussi,70.6,104.3,4.3,82.0,11.0,PVC,Low,0
Sidi_Maarouf,61.7,117.1,4.7,65.0,22.0,PVC,Low,1
Val_Fleuri,48.1,116.2,4.4,65.0,10.0,Steel,High,1
Ain_Diab,59.4,129.1,4.8,54.0,10.0,Steel,High,1
Ain_Sebaa,60.7,121.9,4.6,84.0,15.0,HDPE,Medium,0
Anfa,63.6,85.1,3.0,67.0,17.0,Steel,Medium,0
Beauséjour,67.0,99.5,3.6,73.0,26.0,PVC,High,0
Ben_Msick,45.4,139.7,5.1,61.0,23.0,Steel,Medium,1
Bourgogne,68.1,116.2,3.8,68.0,28.0,HDPE,Low,0
Bouskoura,72.1,125.3,4.3,68.0,1.0,PVC,Low,0
Derb_Sultan,60.6,112.9,4.3,71.0,15.0,Steel,Medium,1
Gauthier,60.7,102.2,3.6,64.0,22.0,PVC,High,0
Hay_Hassani,63.8,114.4,4.3,65.0,8.0,PVC,High,0
Hay_Mohammadi,62.0,123.7,4.8,77.0,3.0,HDPE,High,0
Lissasfa,68.1,138.2,4.7,59.0,28.0,PVC,High,1
Maarif,68.5,98.9,3.8,77.0,1.0,HDPE,Medium,0
Medina,73.0,109.3,3.8,73.0,15.0,Steel,Low,0
Racine,68.4,124.7,4.6,62.0,5.0,Cast Iron,Low,0
Roches_Noires,62.7,107.2,4.1,54.0,3.0,HDPE,Medium,0
Sbata,68.5,100.7,3.5,84.0,6.0,Cast Iron,Medium,0
Sidi_Bernoussi,62.0,134.5,5.1,67.0,29.0,PVC,Medium,1
Sidi_Maarouf,68.3,106.9,4.4,72.0,26.0,Steel,High,0
Val_Fleuri,59.9,112.3,4.6,79.0,10.0,PVC,High,0
Ain_Diab,63.7,126.6,4.6,79.0,21.0,Steel,Low,0
Ain_Sebaa,64.0,117.1,4.7,79.0,2.0,PVC,Low,0
Anfa,66.8,93.6,3.5,68.0,29.0,Cast Iron,Medium,0
Beauséjour,64.1,100.9,3.4,64.0,7.0,PVC,Medium,0
Ben_Msick,58.8,109.5,4.1,61.0,22.0,Cast Iron,Medium,0
Bourgogne,64.0,106.0,4.0,81.0,20.0,HDPE,Medium,0
Bouskoura,59.3,114.3,4.2,78.0,18.0,HDPE,Medium,0
Derb_Sultan,69.3,108.0,4.4,59.0,7.0,Steel,Low,0
Gauthier,55.2,88.4,3.5,69.0,19.0,PVC,Low,1
Hay_Hassani,66.2,107.1,4.2,65.0,5.0,PVC,Low,0
Hay_Mohammadi,65.6,103.4,3.6,84.0,18.0,HDPE,High,0
Lissasfa,56.4,91.1,3.9,74.0,20.0,Cast Iron,High,1
Maarif,66.6,114.2,4.2,55.0,3.0,PVC,Low,0
Medina,63.5,108.6,4.2,82.0,26.0,Steel,High,0
Racine,61.2,137.8,5.4,66.0,17.0,HDPE,High,1
Roches_Noires,72.0,105.9,4.6,75.0,4.0,PVC,Medium,0
Sbata,64.0,96.7,3.4,56.0,2.0,Steel,High,0
Sidi_Bernoussi,67.2,106.7,3.8,81.0,25.0,PVC,Low,0
Sidi_Maarouf,63.4,90.2,3.8,64.0,19.0,HDPE,Medium,0
Val_Fleuri,65.8,112.9,4.5,76.0,6.0,Steel,Low,0
Ain_Diab,65.9,128.3,4.5,84.0,3.0,PVC,Low,0
Ain_Sebaa,67.6,108.5,4.0,79.0,11.0,PVC,Medium,0
Anfa,65.8,103.6,3.8,60.0,25.0,Steel,Low,0
Beauséjour,65.2,75.5,3.1,62.0,27.0,HDPE,Medium,0
Ben_Msick,71.1,106.9,3.9,68.0,8.0,PVC,Medium,0
Bourgogne,57.7,110.1,4.3,61.0,17.0,Cast Iron,Low,1
Bouskoura,58.3,125.4,4.4,72.0,27.0,HDPE,High,0
Derb_Sultan,58.4,109.0,4.5,61.0,17.0,PVC,Medium,0
Gauthier,67.1,101.8,3.6,61.0,17.0,Steel,Low,0
Hay_Hassani,65.1,114.9,3.9,58.0,11.0,Steel,Low,0
Hay_Mohammadi,53.7,126.0,4.5,80.0,29.0,HDPE,Medium,1
Lissasfa,67.6,119.5,4.3,72.0,11.0,PVC,Low,0
Maarif,54.7,111.7,4.2,58.0,21.0,Cast Iron,Low,1
Medina,58.2,112.3,3.9,58.0,1.0,PVC,Low,1
Racine,54.9,101.9,4.1,59.0,10.0,Steel,Low,1
Roches_Noires,63.8,114.4,4.3,65.0,8.0,PVC,High,0
Sbata,46.7,106.8,4.5,80.0,19.0,Steel,High,1
Sidi_Bernoussi,64.6,114.7,4.5,63.0,15.0,HDPE,Medium,0
Sidi_Maarouf,72.1,104.1,3.9,61.0,8.0,Cast Iron,Low,0
Val_Fleuri,60.3,104.4,4.1,58.0,28.0,PVC,Medium,1
Ain_Diab,64.0,84.8,2.7,76.0,14.0,PVC,Low,0
Ain_Sebaa,59.8,106.5,3.9,58.0,22.0,Steel,Low,0
Anfa,66.0,117.8,4.3,72.0,26.0,PVC,Low,0
Beauséjour,63.6,94.7,3.2,65.0,24.0,Steel,High,0
Ben_Msick,60.9,105.3,3.6,53.0,4.0,PVC,Medium,0
Bourgogne,63.7,97.7,3.9,79.0,26.0,Cast Iron,Medium,0
Bouskoura,61.4,108.0,3.9,73.0,24.0,HDPE,High,1
Derb_Sultan,55.1,91.3,3.6,53.0,3.0,PVC,Medium,0
Gauthier,55.6,114.7,4.0,64.0,29.0,Cast Iron,Low,1
Hay_Hassani,66.0,106.7,3.9,59.0,21.0,PVC,Low,1
Hay_Mohammadi,60.8,110.8,4.2,59.0,6.0,HDPE,Medium,0
Lissasfa,53.0,115.1,4.0,83.0,5.0,PVC,High,1
Maarif,68.7,108.8,3.8,61.0,12.0,PVC,Medium,0
Medina,46.1,130.0,4.6,58.0,5.0,Steel,Medium,1
Racine,66.9,96.9,3.4,57.0,5.0,HDPE,Medium,0
Roches_Noires,62.7,103.3,3.9,57.0,17.0,Steel,Low,1
Sbata,58.6,111.5,4.2,55.0,19.0,PVC,Low,1
Sidi_Bernoussi,60.3,123.2,4.7,72.0,3.0,HDPE,Low,0
Sidi_Maarouf,52.1,125.1,5.2,64.0,24.0,Steel,Medium,1
Val_Fleuri,63.6,99.0,3.4,53.0,2.0,PVC,Low,0
Ain_Diab,61.3,96.6,3.2,69.0,18.0,Steel,Low,1
Ain_Sebaa,65.5,132.6,5.3,57.0,5.0,PVC,Low,0
Anfa,60.2,96.6,3.3,63.0,10.0,PVC,Low,0
Beauséjour,64.7,121.2,4.0,53.0,16.0,HDPE,Low,0
Ben_Msick,54.0,112.4,4.3,74.0,15.0,HDPE,Low,0
Bourgogne,45.6,117.9,4.6,50.0,10.0,PVC,High,1
Bouskoura,60.3,100.5,3.6,66.0,1.0,HDPE,Low,0
Derb_Sultan,49.4,128.9,5.0,77.0,21.0,HDPE,Medium,1
Gauthier,57.6,118.4,4.4,51.0,11.0,HDPE,Medium,0
Hay_Hassani,63.0,116.0,4.1,71.0,5.0,PVC,Low,0
Hay_Mohammadi,63.7,97.7,3.9,79.0,26.0,Cast Iron,Medium,0
Lissasfa,58.3,125.4,4.4,72.0,27.0,HDPE,High,0
Maarif,54.2,103.5,3.9,75.0,29.0,PVC,Medium,1
Medina,71.2,105.0,3.8,65.0,13.0,PVC,Medium,0
Racine,61.9,118.5,3.9,66.0,2.0,PVC,Low,0
Roches_Noires,61.4,108.0,3.9,73.0,24.0,HDPE,High,1
Sbata,57.3,90.4,3.3,60.0,4.0,PVC,Medium,0
Sidi_Bernoussi,62.1,123.3,4.9,58.0,28.0,Steel,Low,0
Sidi_Maarouf,65.5,94.1,3.4,78.0,15.0,HDPE,Medium,0
Val_Fleuri,64.7,98.2,3.4,72.0,28.0,Steel,Medium,1
Ain_Diab,58.4,109.0,4.5,61.0,17.0,PVC,Medium,0
Ain_Sebaa,64.4,80.7,2.8,51.0,29.0,HDPE,Medium,0
Anfa,65.2,92.4,2.6,82.0,13.0,PVC,Low,0
Beauséjour,64.2,119.3,4.2,83.0,27.0,PVC,Low,0
Ben_Msick,55.5,101.9,3.6,61.0,10.0,Cast Iron,High,1
Bourgogne,65.8,109.7,3.9,81.0,14.0,Cast Iron,Low,0
Bouskoura,59.3,113.0,3.8,74.0,11.0,Cast Iron,Medium,0
Derb_Sultan,47.4,129.1,4.5,57.0,14.0,PVC,Medium,1
Gauthier,61.7,108.9,4.1,62.0,28.0,PVC,Medium,0
Hay_Hassani,51.9,112.8,4.0,55.0,24.0,HDPE,Medium,1
Hay_Mohammadi,50.4,133.4,4.8,81.0,3.0,PVC,High,1
Lissasfa,69.4,101.3,3.8,67.0,27.0,HDPE,Medium,1
Maarif,58.9,110.6,4.0,51.0,2.0,Cast Iron,Medium,0
Medina,63.3,105.8,4.0,62.0,18.0,PVC,Low,0
Racine,54.9,103.2,3.8,52.0,14.0,PVC,Low,0
Roches_Noires,67.6,110.9,3.9,59.0,1.0,Steel,Low,0
Sbata,70.4,116.1,4.1,52.0,26.0,HDPE,Medium,1
Sidi_Bernoussi,56.4,118.7,4.4,64.0,14.0,Cast Iron,Medium,1
Sidi_Maarouf,63.0,116.0,4.1,71.0,5.0,PVC,Low,0
Val_Fleuri,59.9,123.3,4.8,63.0,1.0,HDPE,Low,0
Ain_Diab,67.4,84.4,2.9,50.0,25.0,PVC,High,0
Ain_Sebaa,58.8,111.5,4.5,61.0,7.0,HDPE,High,0
Anfa,63.1,112.7,4.3,82.0,8.0,Steel,Medium,0
Beauséjour,61.8,92.9,3.2,65.0,6.0,HDPE,Low,0
Ben_Msick,66.9,102.8,3.8,73.0,25.0,PVC,High,1
Bourgogne,62.4,100.4,4.1,75.0,8.0,Steel,Medium,0
Bouskoura,51.7,115.0,4.3,67.0,22.0,HDPE,Low,1
Derb_Sultan,71.2,98.3,3.4,54.0,3.0,Steel,Medium,0
Gauthier,52.6,110.1,3.7,59.0,20.0,PVC,Low,1
Hay_Hassani,59.3,140.4,4.9,61.0,17.0,Steel,Medium,1
Hay_Mohammadi,50.7,101.3,4.1,64.0,18.0,PVC,Low,1
Lissasfa,67.0,125.4,4.6,63.0,29.0,HDPE,Low,0
Maarif,71.4,104.5,3.8,69.0,11.0,PVC,Medium,0
Medina,65.5,106.9,4.2,75.0,12.0,PVC,Medium,0
Racine,64.4,94.4,2.6,78.0,28.0,HDPE,Low,0
Roches_Noires,60.1,93.2,3.6,59.0,27.0,Steel,Medium,0
Sbata,53.3,116.9,4.2,69.0,29.0,HDPE,Medium,1
Sidi_Bernoussi,64.8,111.7,4.7,75.0,26.0,Steel,Low,0
Sidi_Maarouf,57.6,93.6,3.3,75.0,29.0,HDPE,Medium,1
Val_Fleuri,53.8,111.2,4.0,63.0,16.0,HDPE,High,1
Ain_Diab,54.0,112.7,4.3,57.0,10.0,Cast Iron,Low,1
Ain_Sebaa,62.8,117.5,4.6,74.0,2.0,PVC,Medium,0
Anfa,64.3,128.5,5.5,57.0,25.0,PVC,Low,0
Beauséjour,49.4,128.9,5.0,77.0,21.0,HDPE,Medium,1
Ben_Msick,55.3,127.9,4.5,53.0,8.0,PVC,Low,1
Bourgogne,55.4,135.2,4.7,64.0,12.0,Steel,Medium,1
Bouskoura,72.0,118.8,4.5,77.0,8.0,Cast Iron,Medium,0
Derb_Sultan,48.1,125.7,4.3,65.0,19.0,Cast Iron,Low,1
Gauthier,56.4,114.2,4.1,60.0,13.0,HDPE,Medium,1
Hay_Hassani,64.8,121.0,4.3,53.0,13.0,Cast Iron,Low,0
Hay_Mohammadi,54.9,116.1,4.5,67.0,18.0,PVC,Low,1
Lissasfa,57.4,118.4,4.3,59.0,20.0,PVC,Medium,1
Maarif,48.3,108.4,4.4,81.0,26.0,Cast Iron,Medium,1
Medina,71.2,115.5,4.3,80.0,23.0,Steel,High,1
Racine,64.8,106.0,4.3,56.0,4.0,PVC,Low,0
Roches_Noires,66.3,126.5,5.2,54.0,15.0,Steel,Low,0
Sbata,60.1,102.7,3.3,68.0,14.0,HDPE,Medium,0
Sidi_Bernoussi,70.1,108.3,4.0,64.0,21.0,PVC,Low,0
Sidi_Maarouf,64.3,101.3,3.6,75.0,16.0,HDPE,Low,0
Val_Fleuri,65.0,107.2,3.7,77.0,29.0,Cast Iron,Medium,1
Ain_Diab,59.3,125.8,4.7,52.0,29.0,PVC,Medium,0
Ain_Sebaa,55.8,127.9,4.4,75.0,22.0,PVC,High,1
Anfa,61.0,94.8,3.5,79.0,20.0,Steel,High,1
Beauséjour,68.2,93.6,3.2,55.0,2.0,PVC,High,0
Ben_Msick,59.8,92.4,3.7,83.0,4.0,Steel,Medium,0
Bourgogne,69.9,110.8,3.7,53.0,19.0,Cast Iron,Low,0
Bouskoura,69.3,108.0,4.4,59.0,7.0,Steel,Low,0
Derb_Sultan,62.8,104.9,3.9,78.0,26.0,Steel,High,1
Gauthier,64.4,103.8,3.7,83.0,8.0,HDPE,Medium,0
Hay_Hassani,62.4,117.7,4.5,68.0,11.0,HDPE,Low,0
Hay_Mohammadi,64.2,120.9,4.4,71.0,2.0,Cast Iron,Low,0
Lissasfa,53.6,108.9,4.2,77.0,20.0,Steel,High,1
Maarif,57.6,93.5,3.6,58.0,17.0,HDPE,High,1
Medina,71.3,95.4,3.4,55.0,7.0,Steel,Medium,0
Racine,64.2,93.8,3.8,51.0,19.0,PVC,High,0
Roches_Noires,59.4,150.4,5.8,78.0,27.0,PVC,High,1
Sbata,70.9,125.7,4.7,78.0,3.0,PVC,High,0
Sidi_Bernoussi,66.8,94.7,3.2,56.0,24.0,Cast Iron,Low,0
Sidi_Maarouf,56.2,115.2,3.6,68.0,19.0,PVC,Medium,1
Val_Fleuri,53.1,142.4,5.4,71.0,23.0,HDPE,Low,0
Ain_Diab,59.5,113.2,4.0,83.0,25.0,HDPE,Medium,1
Ain_Sebaa,51.0,133.8,5.3,82.0,17.0,Steel,Low,1
Anfa,67.3,106.4,3.8,74.0,7.0,HDPE,Low,0
Beauséjour,58.1,94.6,3.5,54.0,25.0,HDPE,High,0
Ben_Msick,64.8,131.8,5.1,50.0,27.0,HDPE,High,1
Bourgogne,65.2,92.4,2.6,82.0,13.0,PVC,Low,0
Bouskoura,62.4,126.6,5.0,60.0,13.0,HDPE,Low,0
Derb_Sultan,63.4,100.1,3.8,56.0,20.0,HDPE,Medium,0
Gauthier,57.2,106.7,4.8,75.0,28.0,HDPE,Medium,1
Hay_Hassani,72.4,102.5,3.3,54.0,3.0,HDPE,High,0
Hay_Mohammadi,63.7,105.5,4.1,72.0,6.0,HDPE,High,0
Lissasfa,62.1,123.3,4.9,58.0,28.0,Steel,Low,0
Maarif,57.5,109.6,4.2,75.0,12.0,Steel,Low,1
Medina,59.8,122.1,4.4,65.0,27.0,PVC,Low,0
Racine,48.1,116.2,4.4,65.0,10.0,Steel,High,1
Roches_Noires,70.3,108.7,3.5,72.0,8.0,Cast Iron,Low,0
Sbata,60.5,125.0,4.6,68.0,28.0,Steel,Low,1
Sidi_Bernoussi,61.1,120.0,4.5,56.0,11.0,PVC,Medium,1
Sidi_Maarouf,44.0,139.4,5.6,83.0,16.0,Steel,Low,1
Val_Fleuri,63.0,150.5,5.4,79.0,26.0,Steel,Low,0
Ain_Diab,66.6,110.7,4.3,71.0,23.0,Steel,Low,0
Ain_Sebaa,59.6,102.2,4.0,50.0,21.0,PVC,Low,0
Anfa,68.1,95.9,3.3,80.0,14.0,HDPE,Medium,0
Beauséjour,61.9,102.1,4.1,70.0,25.0,Cast Iron,High,1
Ben_Msick,66.6,96.8,3.7,80.0,21.0,Steel,Low,0
Bourgogne,68.5,121.6,4.7,79.0,6.0,Steel,Low,0
Bouskoura,67.0,117.4,4.5,78.0,20.0,HDPE,Low,0
Derb_Sultan,58.7,102.1,3.5,70.0,19.0,HDPE,High,1
Gauthier,62.9,127.5,4.5,80.0,24.0,HDPE,Medium,1
Hay_Hassani,64.6,102.6,4.1,72.0,28.0,HDPE,Medium,1
Hay_Mohammadi,59.6,124.6,4.7,84.0,10.0,PVC,Low,0
Lissasfa,65.2,92.4,2.6,82.0,13.0,PVC,Low,0
Maarif,68.3,106.9,4.4,72.0,26.0,Steel,High,0
Medina,60.3,100.8,3.6,54.0,8.0,PVC,Medium,0
Racine,56.0,123.6,4.1,69.0,23.0,Steel,Low,1
Roches_Noires,69.1,111.1,4.1,72.0,22.0,HDPE,Low,0
Sbata,66.6,87.7,2.9,53.0,21.0,HDPE,High,0
Sidi_Bernoussi,61.6,139.9,5.6,50.0,23.0,Cast Iron,Low,0
Sidi_Maarouf,50.2,135.8,5.2,58.0,7.0,Cast Iron,Medium,1
Val_Fleuri,64.6,79.3,3.1,51.0,21.0,PVC,Low,0
Ain_Diab,48.5,104.1,3.7,72.0,26.0,PVC,Medium,1
Ain_Sebaa,55.9,112.4,4.8,61.0,12.0,Cast Iron,Medium,1
Anfa,66.8,117.9,4.5,50.0,23.0,PVC,Medium,0
Beauséjour,66.8,126.1,4.7,53.0,17.0,HDPE,Medium,1
Ben_Msick,66.3,95.1,2.9,84.0,1.0,Steel,Medium,0
Bourgogne,63.7,97.7,3.9,79.0,26.0,Cast Iron,Medium,0
Bouskoura,54.0,117.2,4.0,79.0,26.0,Steel,Low,0
Derb_Sultan,54.8,122.6,4.9,55.0,2.0,PVC,High,1
Gauthier,65.3,130.6,4.9,61.0,26.0,HDPE,Low,0
Hay_Hassani,64.2,143.9,5.3,81.0,17.0,HDPE,Medium,0
Hay_Mohammadi,53.0,125.7,4.9,57.0,25.0,Steel,Medium,1
Lissasfa,64.2,117.8,4.1,53.0,10.0,HDPE,Low,0
Maarif,74.5,98.9,3.5,65.0,26.0,PVC,Low,0
Medina,65.5,124.7,4.5,60.0,24.0,PVC,High,0
Racine,66.6,128.6,5.0,82.0,3.0,PVC,Medium,1
Roches_Noires,64.9,138.2,5.3,52.0,23.0,Cast Iron,Medium,0
Sbata,61.4,114.2,3.9,55.0,3.0,Steel,Low,0
Sidi_Bernoussi,52.7,146.6,5.3,65.0,5.0,Cast Iron,Medium,0
Sidi_Maarouf,55.6,140.2,5.3,75.0,13.0,PVC,Low,1
Val_Fleuri,60.7,86.5,3.3,50.0,14.0,HDPE,Low,0
Ain_Diab,64.5,122.7,5.0,55.0,10.0,HDPE,High,0
Ain_Sebaa,72.4,107.1,3.9,60.0,12.0,PVC,High,0
Anfa,67.0,99.5,3.6,73.0,26.0,PVC,High,0
Beauséjour,58.6,96.6,3.8,52.0,27.0,PVC,Medium,0
Ben_Msick,68.6,105.2,4.0,58.0,2.0,Steel,Medium,0
Bourgogne,64.6,112.9,4.2,59.0,20.0,PVC,Low,0
Bouskoura,63.9,119.4,4.1,66.0,14.0,Steel,Low,0
Derb_Sultan,60.6,122.7,4.6,74.0,26.0,PVC,Low,1
Gauthier,62.3,110.1,4.0,83.0,25.0,Cast Iron,Low,0
Hay_Hassani,71.2,98.3,3.4,54.0,3.0,Steel,Medium,0
Hay_Mohammadi,64.8,110.2,4.2,79.0,20.0,PVC,Low,0
Lissasfa,57.9,125.4,5.1,51.0,20.0,HDPE,Medium,1
Maarif,64.5,100.0,3.8,80.0,3.0,HDPE,Low,0
Medina,67.1,127.2,4.4,71.0,19.0,Steel,High,0
Racine,60.9,96.7,3.7,74.0,17.0,Cast Iron,High,1
Roches_Noires,49.7,133.2,4.6,73.0,28.0,HDPE,Medium,1
Sbata,54.9,107.3,3.3,62.0,14.0,HDPE,Medium,0
Sidi_Bernoussi,63.4,97.7,3.7,72.0,3.0,PVC,Medium,0
Sidi_Maarouf,64.3,115.1,4.1,54.0,26.0,HDPE,Medium,0
Val_Fleuri,67.8,104.4,5.0,80.0,9.0,PVC,Low,0
